-, <s>, CC, CD, DT, EX, FW, IN, JJ, JJR, JJS, LS, MD, NN, NNS, NNP, NNPS, PDT, POS, PRP, PRP$, RB, RBR, RBS, RP, SYM, TO, UH, VB, VBD, VBG, VBN, VBP, VBZ, WDT, WP, WP$, WRB, $, #, ``, '', -LRB-, -RRB-,",",.,:, </s>,,
<s>,0,0.056905676,0.011035036,0.216888621,0.004213377,1.76E-04,0.12665212,0.041908058,0.001504778,0.002507963,7.02E-04,6.77E-04,0.040077245,0.041857899,0.201539889,0.001981291,7.27E-04,2.57E-04,0.060893336,0.008025481,0.056755198,0.002106689,5.52E-04,2.57E-04,0.001153663,0.003460989,5.77E-04,0.002884157,8.28E-04,0.012088381,0.005768314,3.51E-04,0.001404459,7.77E-04,0.003084794,2.51E-05,0.006244827,7.02E-04,2.51E-05,0.075314122,4.01E-04,0.003611466,2.51E-05,2.57E-04,2.57E-04,0.002558122,2.57E-04,,1.000257066
CC,0,2.08E-04,0.043648643,0.112185767,0.003293451,1.25E-04,0.051152708,0.110184683,0.010380623,0.001959395,3.34E-04,0.010213866,0.119064493,0.071455372,0.159377996,0.003668654,5.84E-04,3.34E-04,0.037520324,0.017467795,0.051736357,0.002709801,9.17E-04,1.25E-04,3.34E-04,0.007462375,8.34E-05,0.03214241,0.038020594,0.021261517,0.014299412,0.012381707,0.023012465,0.001042231,0.002126152,2.50E-04,0.004127236,0.019677325,1.67E-04,0.005919873,3.34E-04,3.75E-04,4.17E-05,0.007670822,3.34E-04,2.92E-04,3.34E-04,,1.000333514
CD,0,0.016636162,0.201327615,0.028819625,1.78E-04,5.46E-05,0.089900839,0.036195263,0.002240009,8.47E-04,1.78E-04,0.002048788,0.201518835,0.15671866,0.013084929,0.001038053,1.78E-04,6.83E-04,6.83E-04,8.20E-05,0.00426148,1.64E-04,2.46E-04,1.78E-04,5.46E-05,0.037451853,1.78E-04,2.73E-05,0.006201,0.001611714,0.003168793,0.00106537,0.002649766,7.10E-04,1.91E-04,1.78E-04,7.38E-04,1.09E-04,1.78E-04,7.38E-04,3.82E-04,0.001666348,0.008604912,0.097413063,0.071953452,0.007020515,6.28E-04,,1.000177562
DT,0,7.33E-04,0.022910459,0.001575399,1.71E-04,2.56E-04,0.009660007,0.217991305,0.005678765,0.009305847,1.71E-04,0.002210444,0.474732548,0.073127839,0.110448928,0.005080358,1.22E-05,3.66E-05,4.88E-04,7.21E-04,0.010307264,0.001721948,0.002784427,7.33E-05,1.71E-04,3.05E-04,2.44E-05,2.56E-04,0.002198232,0.007669386,0.008414342,0.001770798,0.008023546,1.95E-04,8.06E-04,1.71E-04,1.22E-05,0.009244785,1.59E-04,0.005544429,3.66E-05,5.25E-04,2.44E-05,0.002332568,0.001599824,4.03E-04,8.55E-05,,1.000170974
EX,0,4.16E-04,4.16E-04,0.002285714,4.16E-04,4.16E-04,4.16E-04,4.16E-04,4.16E-04,4.16E-04,4.16E-04,0.083428571,4.16E-04,4.16E-04,4.16E-04,4.16E-04,4.16E-04,0.012571429,0.001142857,4.16E-04,0.024,4.16E-04,4.16E-04,4.16E-04,4.16E-04,0.001142857,4.16E-04,0.002285714,0.163428571,4.16E-04,4.16E-04,0.238857143,0.450285714,4.16E-04,0.002285714,4.16E-04,4.16E-04,4.16E-04,4.16E-04,4.16E-04,4.16E-04,4.16E-04,4.16E-04,0.004571429,4.16E-04,4.16E-04,4.16E-04,,1.000415584
FW,0,0.01171875,0.003736413,0.0078125,0.003736413,0.21875,0.02734375,0.02734375,0.003736413,0.003736413,0.003736413,0.0078125,0.06640625,0.03125,0.19140625,0.003736413,0.003736413,0.0078125,0.003736413,0.003736413,0.003736413,0.003736413,0.003736413,0.003736413,0.003736413,0.015625,0.003736413,0.003736413,0.003736413,0.003736413,0.00390625,0.00390625,0.02734375,0.003736413,0.003736413,0.003736413,0.003736413,0.0078125,0.003736413,0.00390625,0.046875,0.015625,0.00390625,0.08203125,0.09375,0.01171875,0.003736413,,1.003736413
IN,0,0.001288032,0.059300203,0.328235294,0.00158215,2.03E-04,0.02040568,0.090121704,0.004787018,0.00469574,1.01E-05,1.12E-04,0.108864097,0.059026369,0.149624746,0.001703854,0.001470588,2.03E-05,0.030172414,0.036196755,0.014066937,7.00E-04,1.93E-04,1.01E-05,2.03E-05,0.002190669,1.01E-05,4.56E-04,6.19E-04,0.031105477,0.004320487,2.64E-04,6.19E-04,0.003640974,0.002312373,2.03E-05,0.001622718,0.027991886,5.98E-04,0.005537525,1.01E-04,3.45E-04,8.11E-05,0.002484787,0.00188641,2.64E-04,2.54E-04,,0.999533469
JJ,0,0.017238002,0.015572968,0.00337904,6.53E-05,1.31E-04,0.055582762,0.074616389,6.86E-04,3.59E-04,3.51E-04,4.24E-04,0.449722494,0.231945805,0.037153118,0.001762977,1.63E-05,1.96E-04,0.001371205,2.94E-04,0.003640222,1.63E-04,9.79E-05,9.79E-05,3.51E-04,0.027864838,1.63E-05,1.14E-04,0.001305909,0.003101534,0.001909892,8.49E-04,0.001371205,1.47E-04,2.61E-04,3.51E-04,7.02E-04,0.002791381,8.16E-05,0.001991512,0.004538035,6.53E-04,5.55E-04,0.029056481,0.024371531,0.003036239,6.53E-05,,1.000350963
JJR,0,0.019883757,0.002447232,0.006118079,6.77E-04,6.77E-04,0.317528296,0.04496788,6.77E-04,6.77E-04,6.77E-04,0.001223616,0.276231263,0.166717651,0.017130621,6.12E-04,3.06E-04,6.77E-04,0.002141328,6.12E-04,0.004894463,6.77E-04,6.77E-04,0.00152952,6.77E-04,0.024166412,6.77E-04,6.77E-04,0.002141328,0.001223616,0.002141328,0.00152952,0.001223616,6.77E-04,6.77E-04,6.77E-04,6.12E-04,9.18E-04,6.77E-04,0.001223616,0.00152952,3.06E-04,6.12E-04,0.039461609,0.047109208,0.003670847,3.06E-04,,1.000677359
JJS,0,0.008598887,0.072837633,0.019221042,0.001517451,0.001011634,0.151745068,0.102175013,0.001011634,0.001011634,0.001011634,0.001011634,0.352048558,0.149215984,0.011127972,0.001517451,0.001517451,0.001011634,0.005058169,5.06E-04,0.014162873,0.001011634,0.001011634,0.001011634,0.001011634,0.003540718,0.001011634,0.002023268,0.002529084,0.005058169,0.004552352,0.014162873,0.003034901,0.001011634,0.001011634,0.001011634,0.002023268,0.010622155,0.001011634,0.001517451,0.002023268,5.06E-04,0.001011634,0.025290845,0.011127972,0.004552352,0.001011634,,1.001011634
LS,0,0.002439024,0.002439024,0.002439024,0.002439024,0.002439024,0.002439024,0.002439024,0.002439024,0.002439024,0.002439024,0.002439024,0.002439024,0.002439024,0.002439024,0.002439024,0.002439024,0.002439024,0.002439024,0.002439024,0.002439024,0.002439024,0.002439024,0.002439024,0.002439024,0.002439024,0.002439024,0.002439024,0.002439024,0.002439024,0.002439024,0.002439024,0.002439024,0.002439024,0.002439024,0.002439024,0.002439024,0.002439024,0.002439024,0.002439024,0.002439024,0.002439024,0.275,0.2,0.3,0.125,0.002439024,,1.002439024
MD,0,0.001017191,2.03E-04,0.003865324,1.68E-04,1.68E-04,0.001932662,3.05E-04,1.02E-04,1.68E-04,1.68E-04,2.03E-04,6.10E-04,4.07E-04,7.12E-04,1.68E-04,1.68E-04,1.68E-04,0.00539111,2.03E-04,0.169362222,0.001220629,2.03E-04,1.68E-04,1.68E-04,0.00325501,1.68E-04,0.795239548,6.10E-04,1.68E-04,5.09E-04,3.05E-04,1.02E-04,1.68E-04,1.68E-04,1.68E-04,1.68E-04,1.68E-04,1.68E-04,0.004577357,2.03E-04,2.03E-04,2.03E-04,0.003356729,0.0021361,7.12E-04,1.68E-04,,1.000167537
NN,0,0.040374796,0.005978388,0.006775506,1.20E-04,5.26E-05,0.247294686,0.008783342,0.001075358,4.51E-05,3.31E-04,0.017649403,0.122132066,0.077771678,0.0097459,9.02E-05,1.50E-05,0.021830515,0.004346551,2.71E-04,0.018281082,0.002616955,8.27E-05,5.56E-04,3.01E-05,0.039525038,3.31E-04,0.001398717,0.047451101,0.007610224,0.010723498,0.003895352,0.043706149,0.007813264,0.002481595,1.80E-04,0.002398875,2.56E-04,1.50E-05,0.002383835,0.005158709,0.001594237,0.001752156,0.114664721,0.108987133,0.011257417,4.96E-04,,1.000330879
NNS,0,0.059918528,0.00161942,0.016928779,8.35E-05,2.34E-04,0.234682293,0.016778523,0.001068483,3.34E-05,2.34E-04,0.027980901,0.02080203,0.01051788,0.003055194,3.34E-05,5.01E-05,0.009132191,0.004574443,2.17E-04,0.031386691,0.001986711,1.17E-04,6.84E-04,1.67E-05,0.039800995,2.34E-04,0.003906641,0.072256169,0.014357741,0.021102541,0.084744065,0.008113793,0.012254165,0.00694514,4.34E-04,0.002120271,3.01E-04,2.34E-04,0.002253832,0.003873251,0.004290627,0.001636115,0.124311329,0.135196501,0.018748539,9.85E-04,,1.000233731
NNP,0,0.041384812,0.019146076,0.002404188,2.19E-05,4.92E-04,0.040532418,0.008217951,9.84E-05,1.12E-04,1.12E-04,0.011190401,0.058301551,0.024238583,0.376637853,0.016687248,1.09E-05,0.055667872,7.98E-04,1.20E-04,0.009277979,3.39E-04,1.09E-05,4.37E-05,1.09E-05,0.00763876,1.12E-04,0.0010491,0.06571082,0.001803141,8.41E-04,0.004108975,0.03859814,9.73E-04,5.90E-04,1.12E-04,5.35E-04,2.62E-04,1.12E-04,0.001114669,0.002371403,0.003420503,0.003529785,0.138656059,0.054498563,0.006862863,0.001355088,,1.000112013
NNPS,0,0.077548006,0.001107829,0.00295421,3.69E-04,0.001292467,0.064254062,0.005908419,3.69E-04,0.001292467,0.001292467,0.022895126,0.037666174,0.011078287,0.273633678,0.015509601,0.001292467,0.02437223,0.001477105,3.69E-04,0.014771049,3.69E-04,0.001292467,0.001292467,0.001292467,0.013293944,0.001292467,7.39E-04,0.083087149,0.004062038,0.002584934,0.054283604,0.026218612,3.69E-04,0.009601182,3.69E-04,0.001292467,0.001292467,0.001292467,0.001107829,0.003692762,0.002584934,0.002215657,0.128138848,0.073116691,0.019202363,0.007754801,,1.001292467
PDT,0,1.91E-04,1.91E-04,0.919571046,1.91E-04,1.91E-04,1.91E-04,0.002680965,1.91E-04,1.91E-04,1.91E-04,1.91E-04,1.91E-04,1.91E-04,1.91E-04,1.91E-04,1.91E-04,1.91E-04,1.91E-04,0.069705094,1.91E-04,1.91E-04,1.91E-04,1.91E-04,1.91E-04,1.91E-04,1.91E-04,1.91E-04,1.91E-04,1.91E-04,1.91E-04,1.91E-04,1.91E-04,1.91E-04,1.91E-04,1.91E-04,1.91E-04,1.91E-04,1.91E-04,1.91E-04,1.91E-04,1.91E-04,1.91E-04,1.91E-04,1.91E-04,1.91E-04,1.91E-04,,1.000191498
POS,0,0.006868132,0.026098901,2.29E-04,4.01E-04,2.29E-04,0.002747253,0.206387363,0.002174908,0.025755495,4.01E-04,0.001144689,0.414033883,0.129120879,0.103594322,0.003777473,4.01E-04,4.01E-04,1.14E-04,2.29E-04,0.005494505,3.43E-04,0.00206044,4.01E-04,4.01E-04,2.29E-04,4.01E-04,3.43E-04,0.006295788,0.011790293,0.007326007,5.72E-04,0.004349817,4.01E-04,4.01E-04,4.01E-04,1.14E-04,0.009958791,5.72E-04,0.011675824,2.29E-04,2.29E-04,9.16E-04,0.005952381,0.004807692,2.29E-04,4.01E-04,,1.000400641
PRP,0,0.007953765,9.73E-04,0.011902037,1.14E-04,5.72E-05,0.034676127,0.008010986,0.001316091,1.14E-04,4.58E-04,0.122796979,0.002861067,0.001087205,8.01E-04,5.72E-05,1.14E-04,0.001029984,0.001602197,1.14E-04,0.05367361,0.001544976,2.29E-04,0.004520485,4.58E-04,0.016193637,4.58E-04,0.01333257,0.246509499,0.00257496,0.002460517,0.176012818,0.221732662,2.86E-04,6.29E-04,4.58E-04,0.001201648,2.86E-04,4.58E-04,0.003490501,5.15E-04,9.16E-04,5.15E-04,0.02105745,0.031128405,0.003318837,4.58E-04,,1.000457771
PRP$,0,5.93E-04,0.019689242,1.36E-04,1.36E-04,3.56E-04,1.36E-04,0.239947812,0.002965247,0.010200451,1.36E-04,1.36E-04,0.444075436,0.194283003,0.048392836,5.93E-04,1.36E-04,1.36E-04,1.36E-04,1.36E-04,0.005456055,1.19E-04,0.002016368,1.36E-04,1.36E-04,1.36E-04,1.36E-04,1.36E-04,3.56E-04,0.007828253,0.006404934,1.36E-04,1.19E-04,1.36E-04,1.36E-04,1.36E-04,1.36E-04,0.007116594,1.36E-04,0.004863006,1.36E-04,9.49E-04,3.56E-04,2.37E-04,1.19E-04,1.19E-04,1.36E-04,,1.000135554
RB,0,0.009254482,0.039017155,0.047143041,8.06E-04,6.45E-05,0.127950471,0.103185864,0.012704759,7.09E-04,4.51E-04,0.010641042,0.011543918,0.004320908,0.006900555,2.90E-04,6.45E-04,1.93E-04,0.00941571,0.002418419,0.072971753,0.007416484,1.93E-04,3.55E-04,4.51E-04,0.027569973,4.51E-04,0.10270218,0.053785631,0.029859409,0.078389011,0.025796466,0.039436347,1.93E-04,0.001160841,4.51E-04,0.003482523,0.012253321,3.55E-04,0.001644525,0.001612279,5.48E-04,4.19E-04,0.096478782,0.050045144,0.004320908,4.51E-04,,1.000451438
RBR,0,0.02173913,5.57E-04,0.090301003,7.63E-04,7.63E-04,0.228539576,0.299888517,5.57E-04,7.63E-04,7.63E-04,0.001672241,0.004459309,5.57E-04,7.63E-04,7.63E-04,7.63E-04,7.63E-04,0.003901895,7.63E-04,0.073578595,5.57E-04,7.63E-04,5.57E-04,7.63E-04,0.016722408,7.63E-04,0.012263099,0.005574136,0.005016722,0.018394649,5.57E-04,0.002229654,7.63E-04,7.63E-04,7.63E-04,5.57E-04,7.63E-04,7.63E-04,0.002787068,7.63E-04,7.63E-04,5.57E-04,0.060758082,0.127647715,0.005574136,7.63E-04,,1.000762777
RBS,0,0.001421464,0.001421464,0.002132196,0.001421464,0.001421464,0.040511727,0.70575693,0.001421464,0.001421464,0.001421464,0.002132196,0.002132196,0.004264392,0.001421464,0.001421464,0.001421464,0.001421464,0.002132196,0.001421464,0.108742004,0.001421464,0.001421464,0.001421464,0.001421464,0.008528785,0.001421464,0.004264392,0.002132196,0.001421464,0.053304904,0.002132196,0.002132196,0.001421464,0.001421464,0.001421464,0.001421464,0.001421464,0.001421464,0.001421464,0.001421464,0.002132196,0.001421464,0.008528785,0.006396588,0.004264392,0.001421464,,1.001421464
RP,0,0.010381906,0.019651465,0.211716722,0.001297738,0.001297738,0.244345569,0.050055617,0.004820171,0.002595476,0.001297738,3.71E-04,0.04894327,0.047089359,0.024842418,0.001297738,0.001112347,0.001297738,7.42E-04,0.052280311,0.051167964,0.004449388,0.001297738,7.42E-04,0.001297738,0.0504264,0.001297738,0.001297738,0.001112347,0.0189099,0.002224694,7.42E-04,3.71E-04,0.001297738,0.005561735,0.001297738,0.004820171,0.008898776,7.42E-04,0.005190953,0.005561735,3.71E-04,3.71E-04,0.041527623,0.06154987,0.002966259,3.71E-04,,1.001297738
SYM,0,0.004688832,0.057971014,0.004688832,0.004688832,0.028985507,0.028985507,0.014492754,0.004688832,0.004688832,0.004688832,0.004688832,0.043478261,0.004688832,0.028985507,0.004688832,0.004688832,0.004688832,0.004688832,0.004688832,0.028985507,0.004688832,0.004688832,0.004688832,0.004688832,0.004688832,0.004688832,0.004688832,0.004688832,0.004688832,0.014492754,0.004688832,0.043478261,0.004688832,0.004688832,0.004688832,0.004688832,0.004688832,0.004688832,0.004688832,0.004688832,0.004688832,0.004688832,0.004688832,0.004688832,0.47826087,0.072463768,,1.004688832
TO,0,4.47E-04,0.07956778,0.112073585,2.90E-04,8.93E-05,0.003616717,0.030853724,0.003036256,2.23E-04,2.90E-04,2.90E-04,0.03277371,0.023352384,0.045008037,4.47E-04,3.13E-04,2.90E-04,0.004956242,0.013305947,0.008930166,8.93E-04,4.47E-05,2.90E-04,2.90E-04,8.93E-05,4.47E-05,0.573807823,1.34E-04,0.007233435,0.001339525,4.47E-05,8.93E-05,7.59E-04,0.001160922,2.90E-04,2.68E-04,0.045990355,0.001339525,0.00375067,1.34E-04,2.23E-04,4.47E-05,7.14E-04,7.59E-04,8.93E-05,3.13E-04,,1.00029023
UH,0,0.003336113,0.003336113,0.003336113,0.003336113,0.003336113,0.009174312,0.003336113,0.003336113,0.003336113,0.003336113,0.003336113,0.018348624,0.003336113,0.003336113,0.003336113,0.003336113,0.003336113,0.009174312,0.009174312,0.003336113,0.003336113,0.003336113,0.003336113,0.003336113,0.055045872,0.027522936,0.018348624,0.003336113,0.003336113,0.003336113,0.003336113,0.003336113,0.003336113,0.003336113,0.003336113,0.003336113,0.003336113,0.003336113,0.003336113,0.055045872,0.003336113,0.027522936,0.431192661,0.19266055,0.036697248,0.003336113,,1.003336113
VB,0,0.009289329,0.020428971,0.220904766,5.29E-04,7.55E-05,0.111509705,0.084510233,0.011026358,7.17E-04,0.001661506,4.91E-04,0.061513481,0.050638169,0.031228759,4.53E-04,0.00151046,1.89E-04,0.037157314,0.043765577,0.049769655,0.004644664,2.27E-04,0.032474889,0.001661506,0.043312439,1.13E-04,0.004908995,0.001283891,0.017521335,0.08443471,3.78E-04,0.00151046,7.17E-04,0.00377615,3.78E-05,0.005324371,0.00857186,1.13E-04,0.005664225,0.002378974,0.001132845,4.53E-04,0.016917151,0.024167359,0.002416736,1.51E-04,,1.001661506
VBD,0,0.003040326,0.06611874,0.168921854,0.001202766,3.34E-05,0.113060038,0.057064582,0.007383649,8.02E-04,4.68E-04,4.01E-04,0.032006949,0.023554175,0.05485951,1.34E-04,7.35E-04,4.68E-04,0.060138318,0.02646086,0.084126825,0.004042631,4.34E-04,0.015702783,4.68E-04,0.056830711,1.00E-04,0.002806455,0.00180415,0.02271892,0.09645518,1.34E-04,3.68E-04,1.34E-04,6.35E-04,4.68E-04,0.001603688,0.015869834,1.00E-04,0.006715446,3.68E-04,2.00E-04,1.00E-04,0.023086432,0.045103739,0.003140557,1.00E-04,,1.000467742
VBG,0,0.00920266,0.01665883,0.186740109,2.69E-04,6.89E-04,0.141465708,0.072748035,0.008598106,6.72E-04,6.89E-04,6.05E-04,0.123799288,0.088466447,0.039766239,7.39E-04,0.001141936,6.72E-05,0.024115,0.030563579,0.037751058,0.004769262,6.72E-05,0.02660039,6.72E-05,0.095049372,2.02E-04,0.001007591,0.003089944,0.004500571,0.026197353,6.05E-04,0.002082354,2.02E-04,0.002283872,6.89E-04,0.001813663,0.006650097,6.89E-04,0.005440989,0.002149526,4.70E-04,4.03E-04,0.012023913,0.016188621,0.002015181,6.89E-04,,1.00068852
VBN,0,0.013854971,0.011562422,0.068327934,9.97E-05,5.11E-04,0.365362572,0.043658111,0.00328931,1.99E-04,5.11E-04,0.001146275,0.064988786,0.037827062,0.026214802,1.99E-04,7.48E-04,1.50E-04,0.009419387,0.009369549,0.0484924,0.003339148,2.49E-04,0.021380513,5.11E-04,0.106753053,5.11E-04,7.48E-04,0.002192873,0.020483429,0.031846499,0.001245951,0.001694493,2.99E-04,6.48E-04,5.11E-04,0.002043359,0.005980563,4.98E-05,0.004884127,0.001943683,4.49E-04,8.97E-04,0.032594069,0.049538998,0.003588338,1.99E-04,,1.00051084
VBP,0,0.004388415,0.009016197,0.117529722,0.001914945,7.98E-05,0.091039655,0.086012926,0.007899146,6.38E-04,0.001117051,0.001595787,0.030080587,0.033750898,0.017553658,3.19E-04,6.38E-04,1.60E-04,0.036304157,0.010611984,0.165163967,0.005186308,8.78E-04,0.008856619,0.001117051,0.051224767,0.001117051,0.003111785,0.00367031,0.086890609,0.163249023,0.001037262,0.002872417,2.39E-04,0.002074523,7.98E-05,0.002393681,0.002633049,0.001117051,0.004468204,3.99E-04,3.99E-04,3.19E-04,0.01986755,0.019069656,0.002952206,7.98E-05,,1.001117051
VBZ,0,0.002763194,0.020585797,0.162429769,7.37E-04,4.61E-05,0.089435387,0.075020724,0.00782905,6.45E-04,6.45E-04,8.29E-04,0.034678088,0.016302846,0.059915262,3.22E-04,5.53E-04,6.45E-04,0.023993737,0.012019895,0.134291241,0.003914525,9.21E-04,0.007276412,6.45E-04,0.04978355,4.61E-05,0.003223727,0.002717141,0.058579718,0.1472322,2.30E-04,9.21E-04,3.68E-04,0.001888183,6.45E-04,0.003822419,0.004190845,4.61E-05,0.009118541,1.38E-04,3.22E-04,2.30E-04,0.025559547,0.030947776,0.004144791,4.61E-05,,1.000644745
WDT,0,4.63E-04,0.005090236,0.027996298,0.001619621,3.81E-04,0.008560851,0.008329477,4.63E-04,4.63E-04,3.81E-04,0.13465988,0.016658954,0.016890329,0.021286441,2.31E-04,3.81E-04,2.31E-04,0.034937529,0.001619621,0.046043498,3.81E-04,3.81E-04,3.81E-04,3.81E-04,9.25E-04,3.81E-04,0.001388246,0.228366497,3.81E-04,9.25E-04,0.140212864,0.288523832,3.81E-04,3.81E-04,3.81E-04,3.81E-04,6.94E-04,3.81E-04,4.63E-04,3.81E-04,2.31E-04,3.81E-04,0.006015733,3.81E-04,2.31E-04,3.81E-04,,1.000381087
WP,0,5.73E-04,0.001255756,0.043951444,5.73E-04,5.73E-04,0.016743407,0.005023022,4.19E-04,8.37E-04,5.73E-04,0.064462118,0.01213897,0.008790289,0.018417748,5.73E-04,5.73E-04,5.73E-04,0.088740059,0.005023022,0.044370029,8.37E-04,5.73E-04,5.73E-04,5.73E-04,0.006697363,5.73E-04,0.004604437,0.269987442,5.73E-04,8.37E-04,0.15989954,0.224361658,4.19E-04,5.73E-04,5.73E-04,5.73E-04,5.73E-04,5.73E-04,8.37E-04,5.73E-04,4.19E-04,0.001255756,0.007115948,0.001674341,5.73E-04,5.73E-04,,1.000572801
WP$,0,0.002020202,0.011111111,0.002020202,0.002020202,0.002020202,0.002020202,0.183333333,0.005555556,0.005555556,0.002020202,0.002020202,0.338888889,0.277777778,0.061111111,0.002020202,0.002020202,0.002020202,0.002020202,0.002020202,0.005555556,0.002020202,0.002020202,0.002020202,0.002020202,0.002020202,0.002020202,0.002020202,0.002020202,0.011111111,0.005555556,0.002020202,0.002020202,0.002020202,0.002020202,0.002020202,0.002020202,0.022222222,0.002020202,0.005555556,0.002020202,0.002020202,0.002020202,0.002020202,0.002020202,0.002020202,0.002020202,,1.002020202
WRB,0,0.004136029,0.006433824,0.241727941,0.010569853,0.001263787,0.008731618,0.094209559,0.001378676,0.001838235,0.001263787,0.011948529,0.0546875,0.075367647,0.101102941,0.001378676,0.001838235,0.001263787,0.219209559,0.024356618,0.0390625,0.001263787,0.001263787,0.001263787,0.001263787,0.027113971,0.001263787,0.001838235,0.005974265,0.010569853,0.008272059,0.005055147,0.0078125,4.60E-04,4.60E-04,0.001263787,4.60E-04,4.60E-04,0.001263787,0.001838235,0.001263787,4.60E-04,4.60E-04,0.012408088,0.003216912,0.001263787,0.001263787,,1.001263787
$,0,6.31E-06,0.991185245,6.31E-06,6.31E-06,6.31E-06,6.31E-06,0.008543531,6.31E-06,6.31E-06,6.31E-06,6.31E-06,6.31E-06,6.31E-06,6.31E-06,6.31E-06,6.31E-06,6.31E-06,6.31E-06,6.31E-06,6.31E-06,6.31E-06,6.31E-06,6.31E-06,6.31E-06,6.31E-06,6.31E-06,6.31E-06,6.31E-06,6.31E-06,6.31E-06,6.31E-06,6.31E-06,6.31E-06,6.31E-06,6.31E-06,6.31E-06,6.31E-06,6.31E-06,6.31E-06,6.31E-06,6.31E-06,6.31E-06,6.31E-06,6.31E-06,6.31E-06,6.31E-06,,1.000006308
#,0,3.23E-04,0.979166667,3.23E-04,3.23E-04,3.23E-04,3.23E-04,3.23E-04,3.23E-04,3.23E-04,3.23E-04,3.23E-04,3.23E-04,3.23E-04,3.23E-04,3.23E-04,3.23E-04,3.23E-04,3.23E-04,3.23E-04,3.23E-04,3.23E-04,3.23E-04,3.23E-04,3.23E-04,3.23E-04,3.23E-04,3.23E-04,3.23E-04,3.23E-04,3.23E-04,3.23E-04,3.23E-04,3.23E-04,3.23E-04,3.23E-04,3.23E-04,3.23E-04,3.23E-04,3.23E-04,3.23E-04,3.23E-04,3.23E-04,0.006944444,3.23E-04,3.23E-04,3.23E-04,,1.000322997
``,0,0.018240494,0.008418689,0.142275852,0.020204855,0.003086853,0.063841729,0.113932931,0.003648099,0.00378841,4.91E-04,0.012487723,0.084046583,0.036340676,0.073663533,0.001964361,8.42E-04,4.91E-04,0.214255648,0.011505542,0.049249334,0.001964361,4.91E-04,4.91E-04,4.91E-04,0.005331837,0.00378841,0.026238249,0.012066788,0.015293953,0.010523362,0.011505542,0.020345166,0.001824049,0.009681493,4.91E-04,0.011224919,1.40E-04,4.91E-04,4.21E-04,4.91E-04,2.81E-04,4.91E-04,4.91E-04,4.91E-04,4.21E-04,0.002244984,,1.00049109
'',0,0.035950532,0.002300834,0.036381938,5.03E-04,1.44E-04,0.084987058,0.007333909,5.03E-04,1.44E-04,5.03E-04,0.004457866,0.034800115,0.016681047,0.061259707,1.44E-04,5.03E-04,5.03E-04,0.078947368,0.001581823,0.008196721,5.03E-04,5.03E-04,5.03E-04,5.03E-04,0.015962036,5.03E-04,0.001294219,0.088150705,0.00877193,0.005176877,0.002444636,0.125107852,0.008628128,0.001869428,2.88E-04,0.003163647,1.44E-04,5.03E-04,0.00273224,0.006902502,0.0067587,0.005033074,0.001006615,0.002300834,0.008196721,0.32772505,,1.000503307
-LRB-,0,0.024355301,0.030802292,0.070200573,0.001432665,0.00286533,0.080945559,0.045845272,7.16E-04,0.001432665,0.001432665,7.16E-04,0.067335244,0.01504298,0.318767908,0.002148997,0.001432665,0.001432665,0.020773639,0.005014327,0.030802292,0.001432665,0.001432665,0.001432665,0.001432665,0.005014327,0.003581662,0.014326648,0.001432665,0.006446991,0.017191977,7.16E-04,7.16E-04,0.007163324,0.004297994,0.001432665,0.00286533,0.165472779,0.001432665,0.03008596,0.001432665,0.001432665,0.001432665,0.001432665,0.001432665,0.001432665,0.001432665,,1.001432665
-RRB-,0,0.051920341,0.007823613,0.024182077,0.001422475,7.11E-04,0.110241821,0.013513514,7.11E-04,0.001422475,0.001422475,0.022048364,0.047652916,0.023470839,0.03485064,0.001422475,0.001422475,0.001422475,0.006401138,7.11E-04,0.013513514,0.001422475,0.001422475,0.001422475,0.001422475,0.019914651,0.001422475,0.007112376,0.029871977,0.004267425,0.007112376,0.021337127,0.048364154,0.004267425,0.00284495,0.001422475,0.001422475,7.11E-04,0.001422475,7.11E-04,0.001422475,7.11E-04,0.001422475,0.16002845,0.135135135,0.07254623,0.105974395,,1.001422475
",",0,0.092605504,0.02097773,0.133023008,0.002522249,3.69E-04,0.085982037,0.041606857,0.001681499,9.43E-04,1.33E-04,0.010273551,0.049296641,0.026534881,0.127035229,0.001148341,2.67E-04,1.33E-04,0.042775704,0.004306279,0.053807981,7.59E-04,3.69E-04,1.03E-04,1.33E-04,0.009453308,3.90E-04,0.003793627,0.052393061,0.04484682,0.020362548,0.008592052,0.031989501,0.035742115,0.012365172,0.002112127,0.00828446,0.001558463,1.33E-04,0.01306238,0.057335029,3.08E-04,1.33E-04,1.33E-04,1.33E-04,1.03E-04,1.23E-04,,1.00013329
.,0,2.53E-05,1.27E-04,1.01E-04,4.59E-05,2.53E-05,7.59E-05,1.01E-04,4.59E-05,4.59E-05,4.59E-05,2.53E-05,3.29E-04,1.01E-04,0.001518718,1.27E-04,4.59E-05,4.59E-05,2.53E-05,4.59E-05,7.59E-05,4.59E-05,4.59E-05,4.59E-05,4.59E-05,2.53E-05,5.06E-05,1.77E-04,4.59E-05,4.59E-05,2.53E-05,2.53E-05,2.53E-05,4.59E-05,5.06E-05,4.59E-05,2.53E-05,4.59E-05,4.59E-05,4.56E-04,0.059280634,0.001341534,0.00539145,7.59E-05,1.77E-04,2.02E-04,0.929278356,,1.000045878
:,0,0.066666667,0.116926272,0.113603323,0.00145379,2.08E-04,0.073935618,0.034890966,0.00290758,0.001038422,0.001038422,0.00913811,0.039044652,0.029283489,0.092004154,0.001038422,2.08E-04,0.004465213,0.039875389,0.00768432,0.054620976,6.23E-04,8.31E-04,0.004465213,2.08E-04,0.010799585,2.08E-04,0.009553479,0.017030114,0.022014538,0.012668744,0.011214953,0.018068536,0.012461059,0.005192108,2.08E-04,0.006438214,0.026791277,4.15E-04,0.065835929,0.001246106,6.23E-04,0.004465213,6.23E-04,0.018691589,0.001661475,0.062097612,,1.004465213
</s>,0,0,0,0,0,0,0,0,0,0,0,0,0,0,0,0,0,0,0,0,0,0,0,0,0,0,0,0,0,0,0,0,0,0,0,0,0,0,0,0,0,0,0,0,0,0,0, ,0