1.7655010064454098E-9, <s>, 9.804856522077313E-14, NNP, 2.6431067757395354E-11, NNS, 1.7093112994417354E-22, CC, 4.361312712188806E-24, NNPS, 2.9504029336579795E-29, RB, 6.2531074776687265E-34, VBN, 3.0443773965483637E-36, DT, 4.641957824899377E-38, NN, 2.707070917759942E-32, ,, 1.750677252462678E-43, CC, 3.1238006398692064E-45, RB, 1.9425891277758778E-51, JJ, 2.842189654264073E-54, TO, 6.681458801471469E-56, PRP, 5.683905943000147E-59, IN, 5.326631770127892E-60, DT, 8.70897995247503E-62, NN, 1.5953440158226097E-64, IN, 2.5707112512029957E-66, NNP, 2.002418410159562E-70, NN, 1.2022645262117768E-75, NN, 
3.210564695350895E-8, <s>, 4.25378284254015E-12, NNP, 5.419021145259441E-18, NNP, 3.3565499659911738E-18, CC, 9.119116312451176E-24, NNP, 1.1664874761881829E-26, RB, 3.0386814347350664E-31, VBD, 8.926379528882589E-33, DT, 6.445701516811948E-37, NN, 2.5929505245746458E-37, ,, 3.4377796918175846E-39, CC, 1.235042943777954E-42, RB, 7.234242609959691E-49, CD, 4.74958899446823E-50, TO, 7.663032925999523E-55, PRP, 2.453982894478125E-55, IN, 1.561814801432747E-56, DT, 1.2093062325651349E-60, NN, 6.887775703709637E-61, IN, 1.1152888763715862E-64, NNP, 2.780505956866905E-69, NN, 1.669433151383798E-74, NN, 
2.80733203066318E-9, <s>, 2.376365533912811E-15, NNP, 1.4384970943470967E-19, NNS, 3.838039882031132E-20, CC, 1.467788518633281E-25, NNS, 6.270344951469651E-29, RB, 1.3391644187626098E-25, VBD, 2.7307476904456502E-36, DT, 3.2499539223582746E-39, NN, 7.314958137790794E-39, ,, 3.930921838351469E-41, CC, 6.638858492225244E-45, RB, 5.541323410476395E-51, VB, 2.9762636625318175E-52, TO, 4.171233059365761E-56, PRP, 2.3430852385427802E-49, IN, 4.777885757732498E-60, DT, 6.097380593262787E-63, NN, 1.6961233987542195E-62, IN, 6.230534430815312E-68, NNP, 1.401944569895259E-71, NN, 8.417362802642167E-77, NN, 
2.1947672141563576E-10, <s>, 8.694040162350184E-17, NNP, 2.854579356028827E-21, NNS, 4.53444312738447E-21, CC, 3.48693330988127E-26, NNPS, 4.3150432379545516E-30, RB, 9.896743444289408E-35, VBD, 7.156031327743685E-37, DT, 2.322594951375555E-40, NN, 5.581798324343308E-40, ,, 4.644178294667799E-42, CC, 4.568642023099443E-46, RB, 5.336871545376237E-53, VB, 2.3263410434514976E-54, TO, 1.6141065465562843E-57, PRP, 1.1722317192442933E-58, IN, 1.2520636850610796E-60, DT, 4.357521897495458E-64, NN, 3.290189663952686E-64, IN, 2.2794690379649908E-69, NNP, 1.0019063217315807E-72, NN, 6.015508162997853E-78, NN, 
1.1951148026724995E-9, <s>, 2.5564456467452047E-13, NNP, 6.267347939158239E-19, NNS, 2.2503523635967453E-20, CC, 1.3291158676802734E-23, NNPS, 4.5113605980671534E-29, RB, 3.372576548298419E-33, VBN, 2.3380007445925E-34, DT, 1.3279567730702265E-38, NN, 1.0675148814822961E-38, ,, 2.304811706481516E-41, CC, 4.7764971225305067E-45, RB, 7.112922559859777E-51, FW, 1.2472719682194608E-52, TO, 9.249735134167855E-53, PRP, 1.9640442549615727E-57, IN, 4.0907113089358526E-58, DT, 2.491437740426418E-62, NN, 5.512628605022009E-63, IN, 6.702682055957775E-66, NNP, 5.728455945955404E-71, NN, 3.439400746041039E-76, NN, 
5.1356099853967105E-9, <s>, 1.2550757949465383E-13, NNP, 6.2472118758932536E-18, NNS, 5.482301359723627E-20, CC, 6.3744208458533454E-24, NNS, 5.331363334205501E-28, RB, 2.1551698352307666E-32, VBN, 5.245548475405992E-35, DT, 3.7159752729870896E-37, NN, 2.959867350370325E-35, ,, 5.61497503979995E-41, CC, 5.644692121464985E-44, RB, 2.8682157979312108E-50, VBN, 3.0088826913175707E-53, TO, 1.4223539733436805E-48, PRP, 1.1768966345827727E-57, IN, 9.177937397814866E-59, DT, 3.9922263360987736E-54, NN, 3.303283027643419E-63, IN, 3.290652402629997E-66, NNP, 1.6029739129498336E-69, NN, 9.624355540303394E-75, NN, 
1.3559390681908099E-7, <s>, 2.0304580860159373E-12, NNP, 3.563877108429566E-17, NNS, 9.422769617668302E-18, CC, 2.3498686789822425E-20, NNS, 3.430675676534594E-26, RB, 2.5995045887045726E-30, VBD, 9.445298977797965E-32, DT, 1.053127321042314E-36, NN, 5.719204403958175E-37, ,, 9.650804057889308E-39, CC, 3.632299422999696E-42, RB, 8.769170363876415E-49, JJ, 2.0481480778298972E-50, TO, 7.018022898084217E-54, PRP, 3.696647928283998E-54, IN, 2.209477196086795E-54, DT, 1.9758181940311057E-60, NN, 1.164091682466128E-60, IN, 5.323608188517775E-65, NNP, 4.542914036369689E-69, NN, 2.7275939752879185E-74, NN, 
1.6115721298269917E-9, <s>, 8.043655673774262E-15, NNP, 7.512273758388871E-19, NNS, 2.938431226144021E-19, CC, 7.665242574854094E-25, NNS, 1.398172257154221E-27, RB, 1.249112057430761E-32, VBD, 8.144514775435962E-34, DT, 4.2678470609996453E-38, NN, 7.650718052239663E-39, ,, 3.0095423269105368E-40, CC, 1.4803440376635812E-43, RB, 2.288552507214224E-50, VB, 6.6715537787233E-52, TO, 3.816360171811733E-55, PRP, 7.292059178881167E-57, IN, 1.4250148882428167E-57, DT, 8.007094397778394E-62, NN, 2.0467163057789714E-62, IN, 2.108946326222565E-67, NNP, 1.841036874753665E-70, NN, 1.1053700439099288E-75, NN, 
2.9765665472500334E-9, <s>, 6.7680049401182016E-15, NNP, 2.6015880334896695E-20, NNS, 6.146546055545873E-20, CC, 2.317217788798741E-24, NNPS, 8.651755510638314E-29, RB, 1.5032716502113742E-33, VBD, 1.479055029870228E-33, DT, 1.9844545635662032E-39, NN, 4.756234682566845E-39, ,, 6.295294698030021E-41, CC, 9.1602265886497E-45, RB, 1.650246154159892E-51, VB, 5.436322111766797E-53, TO, 3.6776349091762293E-56, PRP, 7.926952861918253E-57, IN, 2.5878465399219294E-57, DT, 3.7231219374704853E-63, NN, 2.224916622264533E-62, IN, 1.7744865933105112E-67, NNP, 8.560414596822111E-72, NN, 5.139726416420935E-77, NN, 
5.076251912017366E-9, <s>, 4.12221088008246E-14, NNP, 6.655142436585726E-19, NNS, 4.551607157371E-20, CC, 1.4113554090195397E-23, NNPS, 2.0120111432854922E-28, RB, 3.581255983408698E-33, VBN, 9.930661659863986E-35, DT, 2.9545467704700085E-38, NN, 3.070079360763326E-39, ,, 4.661757700401453E-41, CC, 2.1302587606319765E-44, RB, 7.758827355443735E-51, VB, 3.228340507454978E-52, TO, 6.399854597249223E-55, PRP, 6.1331603231059606E-58, RP, 1.7375302403636203E-58, DT, 5.543154324809255E-62, NN, 2.9268622807102188E-64, IN, 1.0807923466700805E-66, NNP, 1.2745137009069806E-70, NN, 7.652259902311065E-76, NN, 
4.192605312254496E-11, <s>, 5.2909375671977295E-14, NNP, 1.137331753470696E-18, NNS, 1.6714907828896983E-20, CC, 2.5696641439788345E-24, NNPS, 6.770178462411718E-29, RB, 1.0324420297880896E-34, VBN, 1.8327893635900972E-35, DT, 4.0495579525171014E-38, NN, 2.70238853197644E-39, ,, 1.7119414657012707E-41, CC, 7.1680676465061E-45, RB, 5.0429222611439825E-52, RB, 2.765122759174627E-54, TO, 2.0586046752140032E-54, PRP, 1.570564260090143E-59, RB, 3.2067620995741427E-59, DT, 7.597552661009312E-62, NN, 2.757592278553006E-65, IN, 1.3872179264206227E-66, NNP, 1.746872699625202E-70, NN, 1.0488332847478298E-75, NN, 
2.81459117877397E-6, <s>, 8.463636733598138E-12, NNP, 2.596098123757835E-17, NNS, 5.98254557319308E-18, CC, 1.2980001947871203E-22, NNPS, 2.0089875390071334E-26, JJ, 6.639475343946175E-31, VBN, 3.705770013599847E-29, DT, 8.603936688319255E-36, NN, 3.981387397973803E-37, ,, 6.127325344558999E-39, CC, 2.3875973749945487E-43, RB, 3.105383864220752E-48, JJ, 1.2782793332828285E-50, TO, 1.4726622429115665E-54, PRP, 1.0874513237413504E-54, IN, 6.9525570835240775E-53, DT, 1.6142221656777131E-59, NN, 8.26207001373221E-61, IN, 1.5985716326947536E-61, NNP, 9.597923974561329E-67, NN, 2.2284148750021226E-73, NN, 
8.178850347736133E-8, <s>, 6.564873210916791E-10, NNP, 1.3491784901247231E-17, NNS, 6.698550565818399E-16, CC, 3.923933501258328E-23, NNPS, 1.0649885835708719E-26, JJ, 1.0752150256641995E-31, VBN, 1.913513284243495E-32, DT, 5.631379185459761E-36, NN, 2.2027238222676636E-37, ,, 3.779630574866262E-39, CC, 9.185623966717547E-44, RB, 1.646201531262239E-48, JJ, 9.361753346839433E-51, TO, 5.7519161588685874E-55, PRP, 1.640471152727478E-55, IN, 3.3480016846693348E-56, DT, 1.0565276609771295E-59, NN, 4.60443199250409E-61, IN, 9.482481116636017E-65, NNP, 2.429228739448623E-68, NN, 1.458524114977801E-73, NN, 
7.636385932801986E-5, <s>, 9.728220357037448E-11, NNP, 7.119501845441126E-16, NNP, 1.6370626829272609E-16, CC, 1.6777425513518469E-21, NNPS, 2.952979438747899E-27, JJ, 4.209564032134161E-30, VBD, 5.00284411615054E-32, DT, 1.2215801489259792E-36, NN, 1.8254662601846604E-36, ,, 1.459316729569093E-38, CC, 2.5393605300599195E-43, RB, 4.564555290868242E-49, JJ, 3.12336518576487E-50, TO, 7.336580870300739E-55, PRP, 1.0338162841576767E-53, IN, 8.75328677722349E-56, DT, 2.2918599066695368E-60, NN, 2.0021652730746157E-57, IN, 2.550618203306432E-63, NNP, 5.269575192118133E-69, NN, 3.1638858739739624E-74, NN, 
8.179352431083715E-9, <s>, 5.26069751920824E-12, NNP, 6.701759857205091E-18, NNP, 1.81273452481748E-15, CC, 1.160661501901017E-22, NNPS, 1.710255904809278E-28, JJ, 1.1972075453693756E-33, VBN, 2.808658424345745E-33, DT, 1.3805348962839074E-38, NN, 2.0140474791568275E-38, ,, 4.099936336799402E-40, CC, 1.3034737176775434E-44, RB, 2.6436207230572257E-50, JJ, 3.781911927097399E-52, TO, 6.396094197775149E-56, PRP, 1.000485502641979E-56, IN, 4.9142032165655404E-57, DT, 2.590081855319176E-62, NN, 2.808136826266119E-62, IN, 1.3792893625065607E-64, NNP, 1.757117957716695E-70, NNP, 3.6302043118825665E-76, NNP, 
5.563082629466776E-10, <s>, 6.383075434414866E-16, NNP, 2.514963587395698E-20, NNS, 1.1799489932122649E-20, CC, 1.4933746332049179E-24, NNPS, 5.06889703314739E-29, RB, 8.880774090747394E-34, VBD, 1.2509250158196691E-36, DT, 4.2630636911544075E-40, NN, 8.662648892905843E-40, ,, 1.2085041865443798E-41, CC, 5.366800451199828E-45, RB, 2.2390151691297123E-51, VB, 4.904956198093516E-53, TO, 2.3701210607397344E-56, PRP, 1.5999087112161733E-57, IN, 2.1886960988697946E-60, DT, 7.998120108554137E-64, NN, 4.4905823810200924E-63, IN, 1.673562871581035E-68, NNP, 1.8389734549204798E-72, NN, 1.1041311537481455E-77, NN, 
1.3307916191043018E-12, <s>, 3.3010253205733184E-14, NNP, 4.6554076000684393E-20, NNS, 4.8894171077926304E-23, CC, 3.4307245107739273E-25, NNPS, 7.252476095565267E-31, NNP, 3.442447819285181E-36, VBD, 3.8098902943709025E-38, DT, 6.282012545941149E-39, NN, 3.2979336814004695E-42, ,, 5.007742774069336E-44, CC, 1.6345440927531337E-47, RB, 1.097704265022201E-52, NNP, 3.467940611124165E-55, TO, 2.1655737422149648E-57, PRP, 6.588349559136827E-61, RP, 6.666020679862699E-62, DT, 1.178595829335955E-62, NN, 6.288174709578101E-67, IN, 8.654877216200117E-67, NNP, 2.7098948438030185E-71, NN, 1.627037797864113E-76, NN, 
3.927022647904334E-9, <s>, 3.9287106831241974E-15, NNP, 1.936681573304445E-19, NNS, 6.395506116203753E-20, CC, 1.9761172884642614E-25, NNS, 6.239697503311183E-29, RB, 6.126294324201423E-33, VBD, 4.218795554291059E-36, DT, 1.0387639632695857E-38, NN, 1.1719764228364127E-38, ,, 6.550279682396431E-41, CC, 6.606409867301636E-45, RB, 4.643969446661842E-51, VB, 2.707610217679017E-46, TO, 2.797665426548354E-56, PRP, 2.767651362344132E-57, IN, 7.381466718495286E-60, DT, 1.948870470761856E-62, NN, 7.768172244715994E-63, IN, 1.0300590052580419E-67, NNP, 4.480954291967137E-71, NN, 2.690392957573343E-76, NN, 
3.2212060680164086E-10, <s>, 3.6844585876261207E-16, NNP, 6.332465567565278E-21, VBD, 1.8531059000815848E-20, CC, 2.6867854589124073E-26, NNPS, 9.974606104562434E-30, RB, 1.677661510272462E-33, VBD, 3.872882371768803E-36, DT, 4.026663552865975E-40, NN, 7.343070066439839E-40, ,, 1.897951734559274E-41, CC, 1.056082224445329E-45, RB, 3.4043287932189127E-51, VB, 1.0957320754149244E-52, TO, 1.2437169320483548E-57, PRP, 2.0664493563885336E-57, IN, 6.776235530726601E-60, DT, 7.554599477222052E-64, NN, 5.800056594488311E-63, IN, 9.660191482124048E-69, NNP, 1.7369966582908628E-72, NN, 1.042903647817089E-77, NN, 
5.47181040274637E-8, <s>, 6.830722481639313E-13, NNP, 1.9865397984009672E-17, NNS, 1.3183658775296758E-18, CC, 1.0275827932682102E-19, NNPS, 7.229312555199755E-27, RB, 1.2811879390372796E-31, VBD, 1.3307690696450109E-33, DT, 6.5313921267124016E-37, NN, 2.829986457417927E-35, ,, 1.0879747137283493E-35, CC, 7.654185442985794E-43, RB, 9.299110938348267E-50, VB, 1.76642850000923E-51, TO, 2.3838142795658897E-50, PRP, 1.929001813572418E-56, IN, 2.328396214316737E-57, DT, 7.867306241354364E-59, NN, 5.414272387078517E-62, IN, 1.790930351490254E-65, NNP, 2.8174706302471914E-69, NN, 1.6916269722669076E-74, NN, 
1.306744271042421E-9, <s>, 1.6046690516135454E-14, NNP, 8.090050157198054E-19, NNS, 4.442652668754445E-20, CC, 8.254783956510005E-25, NNS, 4.7272123937314165E-28, RB, 3.961022579425289E-33, VBD, 1.4303561781888086E-34, DT, 6.01540504060008E-38, NN, 1.9994147425277108E-39, ,, 4.550166473667619E-41, CC, 5.005034713013768E-44, RB, 5.583364256348251E-51, VB, 1.136477638841266E-52, TO, 2.300986091544231E-52, PRP, 6.1740493640892915E-58, IN, 2.502640004480859E-58, DT, 1.1285764300484343E-61, NN, 1.732916203253398E-63, IN, 4.207242376420013E-67, NNP, 2.594887384209557E-70, NN, 1.5579866004632987E-75, NN, 
2.432434463246267E-10, <s>, 3.6790096865293313E-16, NNP, 3.382279094174534E-20, NNS, 1.0687074418831093E-20, CC, 8.6073551811028E-25, NNPS, 8.764672206954046E-30, RB, 3.0246313446234614E-34, VBD, 1.6438685205193725E-34, DT, 1.3514048245800586E-39, NN, 6.913227032694884E-40, ,, 1.0945705493513085E-41, CC, 9.279779495874369E-46, RB, 2.1268478327374427E-52, VBN, 4.038667018788689E-54, TO, 2.732130751172295E-56, PRP, 1.208319421932375E-58, IN, 2.876214459232049E-58, DT, 2.535429654663199E-63, NN, 3.391479694269106E-64, IN, 9.645905142161125E-69, NNP, 5.829604667673219E-72, NN, 3.5001310706205574E-77, NN, 
5.297114060658024E-11, <s>, 1.0317611566094835E-15, NNP, 1.3889400757698076E-19, NNS, 1.0217523812600869E-21, CC, 6.034731825741044E-25, NNPS, 1.1265886310074892E-29, RB, 9.61350229274286E-33, VBN, 3.0329952726122345E-36, DT, 6.374010149398975E-39, NN, 1.3463766458059494E-40, ,, 1.0464791592413975E-42, CC, 1.1927992093091276E-45, RB, 1.9452915543036038E-50, VB, 1.3803871852662325E-53, TO, 7.845387842970573E-50, PRP, 1.7982459806964916E-59, RP, 5.306716899179744E-60, DT, 2.866951403054145E-59, NN, 1.2514798782847503E-65, IN, 2.705149236888855E-68, NNP, 2.749580188177837E-71, NN, 1.650865126613323E-76, NN, 
5.3421827278355006E-9, <s>, 3.864322568491556E-15, NNP, 5.075207946161762E-20, NNS, 2.915684607463883E-20, CC, 9.040910384972723E-24, NNPS, 1.2888612126868466E-28, RB, 2.2940936212614278E-33, VBN, 6.361418361140227E-35, DT, 5.161729138848895E-39, NN, 1.96664229279411E-39, ,, 2.986245231813367E-41, CC, 1.364608689533149E-44, RB, 4.970177062755037E-51, VB, 2.0680217777571668E-52, TO, 4.099641487949606E-55, PRP, 3.928801526781384E-58, RP, 1.1130332653219115E-58, DT, 9.684145631227415E-63, NN, 3.749799578469127E-64, IN, 1.0131772436170454E-67, NNP, 2.2266340724696565E-71, NN, 1.336885010946046E-76, NN, 
1.3948667411200285E-11, <s>, 2.3509493505742333E-15, NNP, 1.0530592758059179E-19, NNS, 7.94921694037612E-22, CC, 1.0745022152232778E-25, NNS, 1.1417886153421976E-29, RB, 6.258794944787217E-34, VBN, 1.6478110326214563E-37, DT, 5.903142975700929E-39, NN, 1.6186181480419172E-40, ,, 8.141590871687682E-43, CC, 1.2088925097356884E-45, RB, 2.051687094975475E-43, VBN, 7.384195887527704E-56, TO, 1.7671079849391248E-56, PRP, 1.5944280480637402E-59, RP, 2.883112523263428E-61, DT, 1.1075144534103473E-62, NN, 3.524719303633818E-65, IN, 6.163896363930804E-68, NNP, 2.546460484613273E-71, NN, 1.5289107873347167E-76, NN, 
4.0591754932741356E-9, <s>, 4.0128697385696124E-14, NNP, 6.478615594045269E-19, NNS, 1.5508067161660955E-20, CC, 1.3739193786970345E-23, NNPS, 1.958642792770876E-28, RB, 3.4862636046423335E-33, VBN, 2.301726683066948E-35, DT, 2.8761777772442604E-38, NN, 1.1648055736078835E-38, ,, 1.5883368008185756E-41, CC, 2.0737539064696916E-44, RB, 4.6397068960076E-51, VBN, 6.446582910161064E-53, TO, 6.2300992335533515E-55, PRP, 5.9704789925486324E-58, RP, 4.027243958017846E-59, DT, 5.396122831494581E-62, NN, 2.8492276152034047E-64, IN, 1.05212446131413E-66, NNP, 1.2407073802249719E-70, NN, 7.449284640440197E-76, NN, 
5.0023245446826696E-9, <s>, 1.3894973461634426E-13, NNP, 4.448184740820457E-18, NNS, 1.4734862519912791E-18, CC, 4.538760986722323E-24, NNS, 1.8304143926165932E-26, RB, 7.688895165775234E-33, VBD, 5.956718597647084E-35, DT, 8.990032906829563E-38, NN, 2.795346185463309E-38, ,, 1.5091451533843626E-39, CC, 1.937989413463738E-42, RB, 1.363426021764921E-49, RB, 2.041881473561634E-49, TO, 6.261133536944812E-54, PRP, 4.246244677535656E-57, RB, 8.003407611142519E-56, DT, 1.686659364669403E-61, NN, 3.1601208498825043E-63, IN, 3.643088966428121E-66, NNP, 3.878063541209796E-70, NN, 2.3284135834629256E-75, NN, 
9.834034131939572E-10, <s>, 5.962404547112005E-12, NNP, 5.636350051804402E-17, NNS, 1.194071397224125E-18, CC, 1.7896361695976213E-22, NNPS, 1.5796211618738035E-24, RB, 3.7904264308889493E-33, VBN, 3.4978730337580704E-34, DT, 2.089399293015891E-36, NN, 2.6448346328826355E-37, ,, 1.222968357852278E-39, CC, 6.9531525365601956E-43, RB, 4.891723884447483E-50, RB, 3.2655670613466064E-53, TO, 7.930790671045943E-53, PRP, 1.5234751410583346E-57, RB, 6.120095902240543E-58, DT, 3.920013331009818E-60, NN, 2.934707078097338E-63, IN, 1.5632682047893277E-64, NNP, 9.013118533880878E-69, NN, 5.411532689096381E-74, NN, 
3.407691808001566E-8, <s>, 3.8815901790519083E-13, NNP, 2.6570801644614227E-17, NNS, 1.5841676256403026E-18, CC, 2.7111850095566916E-23, NNS, 8.649484396547575E-27, RB, 1.0116558884948809E-31, VBD, 2.8952540683890134E-33, DT, 7.950017730574131E-37, NN, 5.3709598056617856E-37, ,, 1.622505056394395E-39, CC, 9.157821999239578E-43, RB, 1.1331021772160199E-49, VBP, 4.1835779680082387E-51, TO, 1.965390293097254E-54, PRP, 1.2472018203724965E-55, IN, 5.0657163335787357E-57, DT, 1.4915375720565053E-60, NN, 3.500613804323602E-61, IN, 1.0177045960213297E-65, NNP, 3.4294283716680816E-69, NN, 2.0590502242297126E-74, NN, 
1.3094325632821148E-8, <s>, 1.4586748335953846E-13, NNP, 3.144816495923482E-17, NNS, 8.579601303098926E-19, CC, 3.208852881291432E-23, NNS, 1.4547148599453441E-24, RB, 3.458698565418428E-31, VBD, 2.557927833217208E-33, DT, 9.020884848789992E-37, NN, 1.9637870717035414E-37, ,, 8.787230764483941E-40, CC, 1.936012686598204E-42, RB, 3.714553620515457E-49, VB, 6.238729218618283E-52, TO, 1.5123307316631773E-54, PRP, 1.3950012219519138E-56, IN, 4.4755094022038835E-57, DT, 1.692447632339287E-60, NN, 3.915453341107752E-62, IN, 3.8244637217555656E-66, NNP, 3.8913722568209885E-69, NN, 2.3364042194796523E-74, NN, 
5.78727552003502E-10, <s>, 5.171856092830613E-13, NNP, 9.169817040177854E-17, NNS, 5.394115705458539E-19, CC, 1.6219143518205152E-22, NNPS, 4.3692014679863625E-27, RB, 1.3471851794079528E-31, VBN, 3.908659961226518E-34, DT, 2.3793054288084253E-37, NN, 6.01658412191939E-38, ,, 5.524655260736974E-40, CC, 4.625983178674354E-43, RB, 3.2544996367027024E-50, RB, 1.509960907596681E-53, TO, 7.855167952003484E-53, PRP, 4.570684089269212E-56, RB, 7.093057055601195E-55, DT, 4.4639189027437464E-61, NN, 1.735148399852952E-63, IN, 1.3559962471154644E-65, NNP, 1.026369728842131E-69, NN, 6.162387987963844E-75, NN, 
1.6214456728375144E-9, <s>, 3.4028870503660034E-12, NNP, 6.149553418608902E-18, NNS, 7.022166754653677E-19, CC, 5.487028080410996E-23, NNPS, 4.678501714426022E-27, RB, 2.8458428607830696E-33, VBN, 1.2404906906423173E-33, DT, 1.8698823979315918E-36, NN, 1.5690212325334818E-37, ,, 7.192105735442667E-40, CC, 4.953461265385039E-43, RB, 3.4848889989341136E-50, RB, 2.1152609473150064E-53, TO, 6.931210729417603E-53, PRP, 1.0853314464668422E-57, RB, 2.170439555494935E-57, DT, 3.508168090136659E-60, NN, 2.851421127245999E-63, IN, 8.921945983861773E-65, NNP, 8.066180434400418E-69, NN, 4.842985136922689E-74, NN, 
4.882385444421082E-11, <s>, 4.6641535462868554E-15, NNP, 5.051953708087334E-19, NNS, 1.7299281378506025E-21, CC, 5.154824211002679E-25, NNS, 1.2484972199645903E-30, RB, 2.731739249339432E-35, VBN, 1.643251796906491E-36, DT, 1.818277768084509E-38, NN, 9.535810297063272E-39, ,, 1.77179302583403E-42, CC, 1.321872470403536E-46, RB, 1.1715015260410871E-52, NN, 9.780000352145003E-54, TO, 4.8647821146009097E-57, PRP, 3.252179478401897E-58, IN, 2.875135401296102E-60, DT, 3.411350388695591E-62, NN, 9.128133226129686E-64, IN, 1.2228829633335277E-67, NNP, 7.843571645710037E-71, NN, 4.7093294291507605E-76, NN, 
2.345241378663044E-10, <s>, 3.426010271351249E-15, NNP, 3.4663203866955374E-19, NNS, 4.2723841814051154E-21, CC, 1.3231840088761678E-24, NNPS, 9.068822429155982E-30, RB, 7.62336417119201E-35, VBD, 8.20616296018616E-36, DT, 6.99150526947111E-39, NN, 3.993830194801724E-39, ,, 4.375777427207179E-42, CC, 9.601804887014013E-46, RB, 5.563677762045834E-52, VB, 1.8108203453127363E-53, TO, 1.2956811568660909E-56, PRP, 2.5005006499868444E-58, IN, 1.4358012375250517E-59, DT, 1.3117068600416957E-62, NN, 7.018340536457667E-64, IN, 8.982572189066284E-68, NNP, 3.0159513279550345E-71, NN, 1.8107960234408273E-76, NN, 
3.3432496306538386E-12, <s>, 7.601755128645823E-16, NNP, 3.798700792410443E-20, NNS, 8.813283517413255E-22, CC, 8.923459651805677E-26, NNPS, 3.7103429378792674E-30, RB, 6.604182035036021E-35, VBN, 1.8313099547737693E-36, DT, 8.915677686187109E-40, NN, 1.1961781834714383E-39, ,, 9.026568173087524E-43, CC, 3.928402968712965E-46, RB, 8.789200245685306E-53, VBN, 5.953371800588237E-54, TO, 1.1801950196748216E-56, PRP, 1.1310140188666227E-59, RP, 3.204173634027462E-60, DT, 1.6727092567545167E-63, NN, 1.0794833646542528E-65, IN, 1.993085507584728E-68, NNP, 3.845988656361148E-72, NN, 2.3091556221696195E-77, NN, 
9.782090446454636E-10, <s>, 6.405320587346752E-15, NNP, 2.1803638956842303E-19, NNS, 1.708776281359944E-20, CC, 3.058324643665471E-25, NNPS, 5.605599210480988E-29, RB, 4.656223383283157E-34, VBN, 2.5618051346222064E-37, DT, 1.3925067939802387E-38, NN, 5.5131973573901656E-39, ,, 1.7501292867493795E-41, CC, 5.935045074958816E-45, RB, 1.6163334897718085E-51, VB, 8.610000129822381E-54, TO, 5.096530677384989E-56, PRP, 3.615446985329957E-58, IN, 4.482293369549601E-61, DT, 2.6125428558201206E-62, NN, 1.0147743066848795E-63, IN, 1.679395273595074E-67, NNP, 6.006907743929667E-71, NN, 3.606584945539918E-76, NN, 
1.9293860087085957E-11, <s>, 5.502813567170276E-16, NNP, 5.420340042922009E-21, NNS, 1.4289623220656273E-20, CC, 5.364291265827514E-26, NNPS, 3.459478620276311E-29, RB, 6.887559000763149E-34, VBD, 3.401502056104554E-35, DT, 2.6032406863361845E-40, NN, 1.8191333383237223E-40, ,, 1.4635437282159112E-41, CC, 3.6627951404029256E-45, RB, 4.5642190838602035E-52, VB, 2.592494829294243E-52, TO, 2.1284042567728892E-57, PRP, 1.0939056454234151E-57, IN, 5.9514792544262775E-59, DT, 4.884053626502006E-64, NN, 3.070346066246947E-63, IN, 1.4427691744947675E-68, NNP, 1.1229695040387374E-72, NN, 6.742379074590228E-78, NN, 
3.951113199863627E-12, <s>, 8.983892424763244E-16, NNP, 1.450413029829442E-20, NNS, 6.943799134931656E-22, CC, 3.0758895011905933E-25, NNPS, 5.74219740386077E-30, RB, 2.494315331878925E-35, VBD, 3.3494738350299457E-36, DT, 8.78059166063882E-41, NN, 6.690890765887236E-41, ,, 7.111841590917443E-43, CC, 6.0796712611033974E-46, RB, 6.622409026679965E-53, VBG, 4.329724945882354E-53, TO, 1.3947759323429708E-56, PRP, 1.3408530128414335E-58, IN, 5.860447447517761E-60, DT, 1.6473651771067206E-64, NN, 3.7634715485900544E-64, IN, 2.3554646907819513E-68, NNP, 3.787716100961737E-73, NN, 2.27416841577311E-78, NN, 
7.174625976137697E-10, <s>, 8.1087996346834745E-16, NNP, 1.4095180313103623E-20, NNS, 1.4905617190694044E-21, CC, 1.913064651276588E-26, NNPS, 1.6098301999152845E-30, RB, 1.0105332779003828E-34, VBD, 7.073161120733272E-36, DT, 8.41545318473701E-40, NN, 5.286560576490767E-40, ,, 1.526633852955127E-42, CC, 1.7044412989182218E-46, RB, 1.045718338654553E-52, VB, 7.330655323625892E-54, TO, 9.003197752615945E-57, PRP, 7.503195530895976E-59, IN, 1.2375641989605977E-59, DT, 1.578859951801812E-63, NN, 2.1059775108529685E-64, IN, 2.126026261342489E-68, NNP, 3.630204974410466E-72, NN, 2.1795977511330675E-77, NN, 
2.612440591774171E-12, <s>, 1.17895882724602E-15, NNP, 1.6554168044151567E-20, NNS, 4.0992657827437325E-23, CC, 4.3580368632384014E-26, NNPS, 1.0786049417224929E-30, RB, 1.8408087557105903E-35, VBN, 3.194195253833203E-38, DT, 1.2445858783022146E-39, NN, 1.5858184081389222E-39, ,, 4.198469500547925E-44, CC, 1.1419954775266632E-46, RB, 1.0731360845067214E-52, JJ, 1.7892345504411726E-55, TO, 9.078037469253485E-58, PRP, 2.8407308257119035E-60, RP, 5.588762397970121E-62, DT, 2.3350219610197496E-63, NN, 2.635988999773147E-66, IN, 3.0910831944171257E-68, NNP, 5.368815852589064E-72, NN, 3.223470586657722E-77, NN, 
1.1895198247150684E-10, <s>, 8.603318361679461E-15, NNP, 9.277591575175269E-20, NNS, 3.266400154220158E-22, CC, 1.5433758180797577E-25, NNPS, 1.8553424214655463E-30, RB, 2.1491628539596821E-35, VBN, 2.316281896019792E-36, DT, 1.9458948381910148E-39, NN, 4.3041787463958073E-41, ,, 3.3454482219250875E-43, CC, 1.9643824839086933E-46, RB, 7.811829316411101E-53, JJ, 1.5086857119399803E-54, TO, 8.164924928486467E-57, PRP, 1.6154659086339153E-59, IN, 4.052710662580657E-60, DT, 3.650778351437852E-63, NN, 4.534247920267678E-65, IN, 2.255682911856109E-67, NNP, 8.394078092065848E-72, NN, 5.0398569395584165E-77, NN, 
8.200608370677176E-13, <s>, 8.813756716835375E-15, NNP, 3.5120855153927964E-20, NNS, 3.602995815975791E-23, CC, 1.313293459962539E-25, NNPS, 1.4084952455964859E-30, RB, 4.267133213667409E-35, VBN, 1.0695222714939333E-37, DT, 2.1231286260657937E-39, NN, 1.3887067276107226E-41, ,, 3.690189620701112E-44, CC, 1.4912737169739692E-46, RB, 3.474989192116176E-52, CD, 2.9954746791493362E-55, TO, 4.5594410250147585E-57, PRP, 3.773512102810887E-60, IN, 1.8713025910184426E-61, DT, 3.9832944068882534E-63, NN, 1.059139614945135E-65, IN, 2.3108572273665764E-67, NNP, 9.158617997704619E-72, NN, 5.498891476376098E-77, NN, 
3.961713113560935E-13, <s>, 2.4476879556035034E-14, NNP, 1.886541584430504E-19, NNS, 4.686902566684985E-22, CC, 5.369629867025685E-25, NNPS, 2.2918066051216462E-29, RB, 1.0960889230606557E-34, VBN, 7.22100338785311E-37, DT, 4.2484261059720884E-30, NN, 9.817815896715918E-43, ,, 4.800327307661394E-43, CC, 2.4264980412893617E-45, RB, 2.7811767347988917E-52, CD, 3.388363384543919E-55, TO, 1.3180177419170519E-56, PRP, 8.170077743327772E-60, IN, 1.2634316002197556E-60, DT, 1.8429082459362474E-62, NN, 2.2931562850147454E-65, IN, 6.417532936597079E-67, NNP, 4.23731989284102E-71, NN, 2.5441133419105454E-76, NN, 
2.933869520195498E-13, <s>, 7.124592367986668E-15, NNP, 1.5194236972782326E-19, NNS, 1.0779232163883147E-23, CC, 2.2690174622053334E-25, NNPS, 8.803712809266486E-30, RB, 1.2337074780348288E-34, VBN, 3.667695305766291E-37, DT, 6.914181788919125E-39, NN, 7.270640247944502E-43, ,, 1.1040093489399837E-44, CC, 9.321114547806844E-46, RB, 1.6418841896729112E-52, VBN, 2.666101572242516E-55, TO, 1.4428796545761877E-56, PRP, 8.266633076232117E-60, RP, 6.417227496496852E-61, DT, 1.2971998639123759E-62, NN, 1.289253402525672E-65, IN, 1.8679793752594295E-67, NNP, 2.9825960139182763E-71, NN, 1.0338360115513175E-67, NN, 
7.237852187876825E-11, <s>, 1.482796819376806E-14, NNP, 3.482428659127556E-19, NNS, 2.182354324571276E-22, CC, 9.848664438509822E-25, NNPS, 1.2562622138024619E-29, RB, 1.4769291362763578E-34, VBN, 1.5269936906062922E-36, DT, 1.1803359939405476E-38, NN, 1.2324502279614653E-41, ,, 2.235168090264366E-43, CC, 1.3300938195767656E-45, RB, 3.1203696425635358E-52, JJ, 5.183929829567484E-55, TO, 2.5424976048305775E-56, PRP, 1.0611885953587656E-59, IN, 2.6717229980718335E-60, DT, 2.214479944921892E-62, NN, 2.978516696515229E-65, IN, 3.88770856384992E-67, NNP, 5.091658764676027E-71, NN, 3.057063739170013E-76, NN, 
1.7655010064454098E-9, <s>, 4.0913369550882055E-13, DT, 2.9312608313614253E-15, NN, 1.8605157383601E-19, NN, 4.879357485827737E-25, VBZ, 5.1823312254040765E-27, RB, 1.3970025990329317E-30, NNS, 5.532003088635599E-35, WP, 2.0465551518577622E-35, VBP, 2.4539371438971595E-39, CD, 2.448701025572575E-42, TO, 1.7563039908177229E-44, CD, 1.794733183699684E-46, NNS, 2.9105586360939904E-51, JJ, 
3.210564695350895E-8, <s>, 1.1996156088619812E-9, DT, 4.070272307415321E-14, NN, 2.5834636093575785E-18, NN, 3.4088994098985894E-22, VBZ, 2.048914879703541E-24, RB, 3.5407133272017654E-30, NNS, 1.2570278246839918E-32, WP, 4.754423836820178E-30, VBP, 2.784895511480799E-36, CD, 3.4027821696300676E-35, TO, 1.9931737505942693E-41, CD, 4.548764409383127E-46, NNS, 2.4657899896249582E-49, JJ, 
0.0179970225821365, <s>, 3.669850181389812E-13, DT, 2.0522510103901568E-16, NN, 1.3025948639728926E-20, NN, 1.1966343723119732E-23, VBZ, 1.1013751398276948E-26, RB, 1.6466691041258684E-31, NNS, 1.9573220383995515E-33, WP, 2.2866944433631127E-34, VBP, 1.773549146592001E-39, CD, 2.5642130784207377E-40, TO, 1.2693444295496745E-44, CD, 2.1154804477769337E-47, NNS, 2.38027648708084E-52, JJ, 
2.1947672141563576E-10, <s>, 9.616986204194329E-14, DT, 1.466650897077579E-17, NN, 9.309055842108177E-22, NN, 2.184625903191194E-25, VBZ, 7.57929808702287E-28, RB, 3.2676796145922465E-33, NNS, 9.288126520040824E-35, WP, 1.4994007152635138E-35, VBP, 3.298120131436486E-41, CD, 2.0042693809629863E-42, TO, 2.360493040110618E-46, CD, 4.197997227827242E-49, NNS, 1.8510499355390264E-53, JJ, 
1.1951148026724995E-9, <s>, 3.1420377967003066E-11, DT, 8.385659287471546E-16, NN, 5.322505221625112E-20, NN, 1.7843888443147482E-24, VBZ, 7.92412610145921E-27, RB, 7.174326772556288E-31, NNS, 1.2138374316799864E-32, WP, 8.164674496643443E-35, VBP, 1.768293088126818E-39, CD, 1.0745926624441748E-40, TO, 1.2655826231475304E-44, CD, 9.21687786287955E-47, NNS, 4.838163422554715E-51, JJ, 
5.1356099853967105E-9, <s>, 7.049489446172937E-12, DT, 2.3465298865033855E-14, NN, 1.4893781330077714E-18, NN, 2.064086036788064E-23, VBZ, 9.364446586477802E-26, RB, 7.15127672025693E-30, NNS, 2.3359069289077448E-33, WP, 5.548985508131777E-34, VBP, 1.7331701748759327E-38, CD, 2.592316146462317E-41, TO, 1.2404448510309597E-43, CD, 9.187265395604037E-46, NNS, 1.2265824145857079E-50, JJ, 
1.3559390681908099E-7, <s>, 1.2693531624408693E-8, DT, 6.650191542131989E-14, NN, 4.220977503902048E-18, NN, 1.077455008251955E-18, VBZ, 6.025921910502165E-24, RB, 4.0796233432894096E-29, NNS, 5.591648425070166E-32, WP, 4.1832110377057643E-32, VBP, 5.567910819099349E-37, CD, 1.7645910051013744E-38, TO, 3.9850018230585865E-42, CD, 5.442231866393268E-42, NNS, 1.3138745692035332E-48, JJ, 
1.6115721298269917E-9, <s>, 1.0945408515968697E-10, DT, 2.695020807178578E-15, NN, 1.7105706095198876E-19, NN, 4.772273586006347E-23, VBZ, 2.4558651511915744E-25, RB, 8.599411947570918E-31, NNS, 1.542387102162621E-33, WP, 1.2716306352695106E-33, VBP, 1.1405780731578636E-38, CD, 5.747906567604607E-40, TO, 8.163215698935992E-44, CD, 1.1047688811239811E-46, NNS, 3.996011684203819E-51, JJ, 
2.9765665472500334E-9, <s>, 1.9877011664775776E-10, DT, 1.2531251151391356E-16, NN, 7.953775296645394E-21, NN, 4.355334807006264E-24, VBZ, 1.5196657455106874E-26, RB, 2.978076669911808E-32, NNS, 3.418538531092647E-33, WP, 1.1387617554453724E-34, VBP, 4.778482044978984E-39, CD, 4.683687279789594E-41, TO, 3.4200008368262986E-44, CD, 3.8259435070432375E-48, NNS, 2.319622104160238E-51, JJ, 
5.076251912017366E-9, <s>, 1.3345810241379401E-11, DT, 1.8657100192184243E-15, NN, 1.1841944656831546E-19, NN, 1.5916307999204422E-23, VBZ, 3.5340624342390527E-26, RB, 7.618240924467519E-31, NNS, 1.2889440766830456E-32, WP, 7.282688098833699E-34, VBP, 4.576910530268575E-39, CD, 2.7813909953695172E-40, TO, 3.275734364230821E-44, CD, 9.787175627322154E-47, NNS, 6.903551360109502E-51, JJ, 
4.192605312254496E-11, <s>, 2.4630845251480417E-12, DT, 2.5571776087385845E-15, NN, 1.6230794393791565E-19, NN, 2.9212628453492847E-25, VBZ, 1.1891700230861282E-26, RB, 1.3019206413006503E-30, NNS, 1.3732064164246343E-32, WP, 1.4851745600559654E-35, VBP, 6.031066923477195E-40, CD, 2.382303702381951E-42, TO, 4.316486643895747E-45, CD, 1.6725811241177006E-46, NNS, 1.4301201484185402E-52, JJ, 
7.618805767179074E-8, <s>, 2.340085563171698E-6, DT, 1.485287823181567E-10, NN, 3.4484931195640175E-17, NN, 3.7521744077293184E-22, VBZ, 9.211551712568545E-25, JJ, 2.9717922882642004E-29, NNS, 7.939680235000768E-32, WP, 8.595650857672881E-33, VBP, 1.8213884509314627E-36, CD, 1.101307194501196E-38, TO, 1.3035834325079597E-41, CD, 3.8178699441953213E-45, NNS, 4.652760429449612E-48, JJ, 
8.178850347736133E-8, <s>, 2.5715693536398398E-9, DT, 3.5560515316056383E-13, NN, 2.2570798784559146E-17, NN, 1.8130805583248034E-22, VBZ, 7.514908393907305E-22, JJ, 1.544424764130601E-29, NNS, 5.909491426570607E-32, WP, 9.912965213685727E-33, VBP, 1.455906359608944E-36, CD, 8.065659864453679E-39, TO, 9.65442403353095E-38, CD, 1.9841268554772432E-45, NNS, 2.4664845566454006E-48, JJ, 
7.2447763977865E-5, <s>, 6.723319203512268E-9, DT, 7.713921965658961E-14, NN, 4.896143348295772E-18, NN, 1.1534475816539923E-21, VBZ, 4.21275519299438E-25, RB, 7.76576106760768E-30, NNS, 6.156457665419784E-31, WP, 8.92467937845354E-33, VBP, 2.104218497072454E-37, CD, 2.690949044215157E-38, TO, 1.5060073372913173E-42, CD, 9.976695171767565E-46, NNS, 6.839019961455203E-49, JJ, 
8.179352431083715E-9, <s>, 3.7745543698931503E-10, DT, 8.717674783898635E-16, NN, 5.533240496314108E-20, NN, 7.57474093443951E-24, VBZ, 2.1624403498735126E-26, RB, 1.0358863443146464E-31, NNS, 7.361066996448494E-33, WP, 1.9805194470170727E-34, VBP, 2.0374553253627887E-38, CD, 3.2583228922161575E-40, TO, 1.458224359147421E-43, CD, 1.3308061115776254E-47, NNS, 3.9609061000257877E-50, JJ, 
5.563082629466776E-10, <s>, 1.6811173775859446E-13, DT, 2.8602357806599425E-17, VBG, 1.708653415263678E-21, NN, 2.405895016985389E-24, VBZ, 8.90342911253455E-27, RB, 2.878916372956393E-32, NNS, 1.3638495133379585E-33, WP, 7.338964542161663E-35, VBP, 4.842892187659395E-40, CD, 4.225886634496985E-41, TO, 3.466099731787842E-45, CD, 3.6985519935452714E-48, NNS, 6.795109725039751E-53, JJ, 
1.3307916191043018E-12, <s>, 3.1317419708003284E-14, NNP, 3.966907501671995E-16, NN, 2.5178563983511552E-20, NN, 1.7097580246612563E-26, VBZ, 2.71168037520122E-29, RB, 5.329114596248004E-32, NNS, 1.384606579967281E-35, WP, 1.8626649230444806E-37, VBP, 2.5213325331202014E-41, CD, 2.9878195208909606E-43, TO, 1.804539452491839E-46, CD, 6.846328569642966E-48, NNS, 8.278233231638029E-54, JJ, 
3.927022647904334E-9, <s>, 5.669636812046485E-13, DT, 6.559491131584977E-16, NN, 4.163408576738352E-20, NN, 8.807047946578556E-24, VBZ, 1.0959919690831598E-26, RB, 2.2169483162826694E-31, NNS, 1.9689988910947302E-32, WP, 3.5192766651100254E-34, VBP, 2.093955270313103E-40, CD, 5.649889992380645E-41, TO, 1.4986618573302912E-45, CD, 2.8481197619345704E-47, NNS, 4.8125246922398685E-52, JJ, 
3.2212060680164086E-10, <s>, 5.204764293773931E-13, DT, 4.017124835290073E-17, VBG, 1.6139032700820669E-21, NN, 2.745914126984277E-24, VBZ, 1.752022142029645E-27, RB, 6.546394370313242E-33, NNS, 6.936568243961976E-34, WP, 6.402468654059183E-35, VBP, 4.5166880094144425E-41, VBG, 9.440327997802214E-41, TO, 3.0902480087166304E-46, VB, 8.410171332622563E-49, NNS, 6.418299760408544E-53, JJ, 
5.47181040274637E-8, <s>, 1.7884197535758732E-10, DT, 4.124383425588205E-14, NN, 2.6178087573238732E-18, NN, 1.8049312300674086E-17, VBZ, 1.269816124625656E-24, RB, 2.2740217710540597E-29, NNS, 1.4717947151322214E-31, WP, 2.3935589165568358E-32, VBP, 1.9533665806043492E-38, CD, 1.5218742609536436E-39, TO, 1.3980413188566834E-43, CD, 2.921442190437928E-45, NNS, 1.909986559105449E-50, JJ, 
1.306744271042421E-9, <s>, 1.922254808946331E-11, DT, 3.798552646407838E-15, NN, 2.4109990165388303E-19, NN, 1.3820003667187344E-23, VBZ, 8.303266010781209E-26, RB, 9.260801218881201E-31, NNS, 1.7866364971709763E-33, WP, 4.835617771971861E-34, VBP, 4.8336504101247415E-40, CD, 9.79137319564792E-41, TO, 3.45948531185181E-45, CD, 1.189737747565978E-46, NNS, 5.510490777968093E-52, JJ, 
2.432434463246267E-10, <s>, 2.2091939175913004E-11, DT, 8.53372688643558E-17, NN, 5.41648597395749E-21, NN, 2.311140651871181E-24, VBZ, 1.539499366014209E-27, RB, 3.871745384675879E-32, NNS, 7.86081195826981E-34, WP, 5.816188079876864E-35, VBP, 5.153160209547728E-40, CD, 3.4795313732906685E-42, TO, 3.6881612325971866E-45, CD, 4.974042228356724E-48, NNS, 2.3498961987507118E-52, JJ, 
5.297114060658024E-11, <s>, 4.076040525565349E-13, DT, 4.025001302125879E-16, NN, 2.5547294152076602E-20, NN, 1.2800935785969201E-23, VBZ, 1.978833254960471E-27, RB, 1.5899404449547826E-31, NNS, 5.511320388507393E-34, WP, 4.114878219056439E-34, VBP, 3.681221746713368E-40, VBN, 1.1892786644893642E-41, TO, 1.765820435450939E-45, VB, 2.0426009791548875E-47, NNS, 1.647543650681778E-52, JJ, 
5.3421827278355006E-9, <s>, 8.549106315536987E-12, DT, 3.259481239929767E-16, NN, 2.0688422131858703E-20, NN, 1.0195724858588007E-23, VBZ, 2.2638622106567827E-26, RB, 5.809666321051436E-32, NNS, 8.256763543796705E-33, WP, 4.665170094115625E-34, VBP, 1.2028281155068562E-39, CD, 1.7817132788809641E-40, TO, 8.608744624067621E-45, CD, 7.463694727433848E-48, NNS, 4.422301341386821E-51, JJ, 
1.3948667411200285E-11, <s>, 2.214492257237832E-14, DT, 3.727662430231915E-16, NN, 2.3660039204082014E-20, NN, 1.1419766936888433E-24, VBZ, 2.005531761982951E-27, RB, 1.2054526777266872E-31, NNS, 9.286851530747628E-35, WP, 3.103244187011714E-35, VBP, 1.7676400609238436E-31, CD, 6.361886517914221E-44, TO, 5.1361773286293974E-45, CD, 1.5486484589172385E-47, NNS, 6.111757513662019E-52, JJ, 
4.0591754932741356E-9, <s>, 3.0932891071985065E-12, DT, 1.8162222882003505E-15, NN, 1.1527838517146616E-19, NN, 1.8445392700138815E-24, VBZ, 3.440321858616284E-26, RB, 7.416168011840471E-31, NNS, 1.2547549920411826E-32, WP, 7.0895156840365755E-34, VBP, 4.455508535916523E-39, CD, 5.554081924078158E-41, TO, 3.188845909200909E-44, CD, 9.52757198587606E-47, NNS, 6.2515679080265536E-52, JJ, 
1.0108854225604308E-7, <s>, 8.005230546398701E-12, DT, 1.1472144933001863E-13, NN, 3.603242067778626E-19, NN, 3.182364918943329E-23, VBZ, 3.2150909132012254E-24, RB, 5.0919034949303806E-30, NNS, 2.747651176138069E-32, WP, 8.112709427850655E-34, VBP, 4.2636026207747815E-39, RB, 1.759191984569605E-37, TO, 1.6122149587843332E-45, CD, 6.5415827979662364E-46, NNS, 1.0785766788660413E-51, JJ, 
9.834034131939572E-10, <s>, 4.700789469612507E-11, DT, 1.3193946476289879E-13, NN, 8.374398077300063E-18, NN, 1.837586099386008E-23, VBZ, 1.153515978110632E-24, RB, 6.452014068583913E-29, NNS, 1.103754210129132E-30, WP, 6.5554557892838195E-34, VBP, 3.5031303436347646E-38, CD, 2.8134636969769567E-41, TO, 2.507220618173357E-43, CD, 8.28892069248884E-45, NNS, 8.444748492536582E-51, JJ, 
3.407691808001566E-8, <s>, 3.274640861791907E-8, DT, 5.020204073647728E-14, NN, 3.1863997188073636E-18, NN, 9.398927446976391E-22, VBZ, 1.519266828287056E-24, RB, 3.041599340866362E-29, NNS, 5.0264597856509344E-33, WP, 3.6818699248927055E-32, VBP, 2.160120367108505E-38, CD, 3.604380040387265E-39, TO, 1.546016788096796E-43, CD, 3.907551261787784E-45, NNS, 4.758234418984254E-50, JJ, 
1.3094325632821148E-8, <s>, 3.4375976790379546E-10, DT, 5.696425391812566E-14, NN, 3.615607652676544E-18, NN, 1.9022861720439155E-21, VBZ, 3.2118115575251277E-24, RB, 3.5999184025692956E-29, NNS, 6.538530946850257E-33, WP, 5.570423571584754E-32, VBP, 3.419998835592708E-38, CD, 5.375004659868764E-40, TO, 2.447722680461274E-43, CD, 4.624825336885411E-45, NNS, 2.359500772156021E-50, JJ, 
5.78727552003502E-10, <s>, 5.252845774761894E-11, DT, 1.5024619077539593E-14, NN, 9.536353762024237E-19, NN, 3.1526899096985376E-24, NNS, 7.674426072222673E-25, RB, 1.0496826493348742E-28, NNS, 1.5031537915202109E-25, WP, 2.569903199222418E-34, VBP, 8.348787326809311E-39, CD, 1.3009134761500875E-41, TO, 5.975299137970963E-44, CD, 1.348530263593796E-44, NNS, 7.614272720299991E-51, JJ, 
1.6214456728375144E-9, <s>, 1.6670946942458605E-10, DT, 1.1807761377986813E-13, NN, 5.69165850189226E-15, NN, 6.052325608811277E-24, VBZ, 8.217706553293138E-25, RB, 7.039485625927521E-30, NNS, 8.911976893643628E-31, WP, 4.984758992523085E-34, VBP, 1.45444993785897E-38, CD, 1.8224123936532438E-41, TO, 1.0409623721044058E-43, CD, 9.043647061054065E-46, NNS, 8.61534398710231E-51, JJ, 
4.882385444421082E-11, <s>, 2.2083651030982885E-13, DT, 1.1481893207930921E-15, NN, 7.287731883485685E-20, NN, 1.3168559465436486E-25, VBZ, 2.192963562380567E-28, RB, 5.783046847485847E-31, NNS, 9.044097913383526E-35, WP, 2.2595341669966392E-36, VBP, 2.1205884149608462E-40, CD, 8.426002415591278E-42, TO, 1.517723428792782E-45, CD, 7.429496614578619E-47, NNS, 5.0210187022474075E-53, JJ, 
2.345241378663044E-10, <s>, 1.1028257474435067E-12, DT, 4.4149314409382673E-16, NN, 2.8022239924078887E-20, NN, 8.1704167130151935E-25, VBZ, 1.5929228213582034E-27, RB, 3.440583673100225E-24, NNS, 1.3555994283120174E-34, WP, 2.370735343709184E-35, VBP, 6.911831542485092E-41, CD, 1.5601202509630264E-41, TO, 4.946857482522023E-46, CD, 5.097634908406438E-47, NNS, 1.0806408500054205E-52, JJ, 
3.3432496306538386E-12, <s>, 2.4610963485281564E-13, DT, 5.629990140448948E-17, NN, 3.5734401903267295E-21, NN, 2.935120969833509E-25, VBZ, 6.517152570781109E-28, RB, 4.348429520825577E-32, NNS, 2.376937408225703E-34, WP, 1.5988071986047107E-36, VBP, 8.440265214215879E-41, CD, 5.129153718452314E-42, TO, 6.0407706514216194E-46, CD, 5.586439684083229E-48, NNS, 1.2730815691926093E-52, JJ, 
9.782090446454636E-10, <s>, 3.442808382067831E-14, DT, 8.793273822317479E-16, NN, 5.581224353389638E-20, NN, 3.407911697238665E-24, VBZ, 9.846137113739613E-27, RB, 2.495895109474877E-31, NNS, 2.793066444379793E-34, WP, 5.636128307798899E-35, VBP, 5.492989378276213E-40, CD, 7.41798356645386E-42, TO, 3.931379901306135E-45, CD, 3.2064834948118254E-47, NNS, 5.983836847474289E-52, JJ, 
1.9293860087085957E-11, <s>, 4.571276570614229E-12, DT, 1.6438704844607465E-17, NN, 1.0433895460419892E-21, NN, 6.5536070781281425E-25, VBZ, 6.076513778152999E-27, RB, 6.204744185866467E-33, NNS, 4.899029265416763E-35, WP, 1.0874325362728725E-35, VBP, 1.4273607589407965E-41, CD, 2.2335753484150096E-40, TO, 1.0215744129790937E-46, CD, 7.971252375944738E-49, NNS, 4.173843539577541E-52, JJ, 
3.951113199863627E-12, <s>, 4.501355875554745E-13, DT, 5.544687259533055E-18, NN, 3.5192971571399605E-22, NN, 4.12949919998221E-26, VBZ, 1.0086069454780286E-27, RB, 1.660309453406129E-32, NNS, 2.8091078460849215E-34, WP, 1.587179509887585E-35, VBP, 9.974858889527857E-41, CD, 3.730293613419865E-41, TO, 7.139092588043732E-46, CD, 2.133004243013596E-48, NNS, 6.997911373997429E-53, JJ, 
7.174625976137697E-10, <s>, 9.505616982756171E-13, DT, 5.314112973249618E-17, NN, 3.372948158135243E-21, NN, 4.944097623472285E-25, VBZ, 2.8276386311330097E-28, RB, 1.6134963379405007E-32, NNS, 2.743903389307091E-35, WP, 6.398221194151042E-36, VBP, 3.340568377412331E-41, CD, 6.315758409067083E-42, TO, 2.3908736160744307E-46, CD, 2.0728633013885134E-48, NNS, 1.0324825616487718E-52, JJ, 
2.612440591774171E-12, <s>, 4.29267708352844E-15, DT, 7.859196429497766E-17, NN, 4.988351255371849E-21, NN, 5.1194771517674E-27, VBZ, 1.8945507427466497E-28, RB, 1.8949803353745755E-32, NNS, 1.1608480623949302E-35, WP, 3.9041251827256995E-37, VBP, 1.1837694950469094E-41, CD, 1.5415229142369227E-43, TO, 8.472340432719322E-47, CD, 2.4344865877196092E-48, NNS, 1.607867280736417E-52, JJ, 
1.1895198247150684E-10, <s>, 3.1128498491455023E-13, DT, 1.228775774424737E-16, NN, 7.799226335552804E-21, NN, 6.043452962272788E-26, VBZ, 3.258876560516705E-28, RB, 1.0620197612893701E-31, NNS, 4.743556518121389E-35, WP, 1.9751791220500416E-36, VBP, 2.609466317817457E-40, CD, 1.2998148257107386E-42, TO, 1.8676175627745806E-45, CD, 1.364379786158092E-47, NNS, 1.1704372764921477E-52, JJ, 
8.200608370677176E-13, <s>, 1.437330338418013E-14, DT, 1.340693736626908E-16, NN, 8.50958662780158E-21, NN, 4.2854259031666883E-26, VBZ, 2.4739973001036914E-28, RB, 4.0203367333669763E-32, NNS, 1.4127399093156878E-34, WP, 1.568676365146274E-36, VBP, 1.3377325485663454E-39, CD, 2.5807644144735712E-43, TO, 9.574267293426232E-45, CD, 5.164937953598189E-48, NNS, 9.876520066074523E-53, JJ, 
3.961713113560935E-13, <s>, 9.704302116759994E-14, DT, 6.202844404953176E-16, NN, 3.937039486402269E-20, NN, 3.3629569950922853E-25, VBZ, 4.025518276442315E-27, RB, 2.159552322307855E-31, NNS, 5.659710604243421E-35, WP, 6.9036227855633E-36, VBP, 1.0706423634055334E-39, CD, 2.9192594105383937E-43, TO, 7.662679788942714E-45, CD, 2.7743829664058185E-47, NNS, 3.6555218168996244E-52, JJ, 
2.933869520195498E-13, <s>, 4.929013518986944E-14, DT, 4.3661039206469816E-16, NN, 2.77123242420792E-20, NN, 3.015472525346689E-25, VBZ, 1.546356779627593E-27, RB, 1.7393069949302616E-31, NNS, 9.861956154673797E-36, WP, 4.907195717120664E-36, VBP, 5.8564795037658484E-40, CD, 2.2969915622753623E-43, TO, 4.191532920957822E-45, CD, 2.2344926076753366E-47, NNS, 1.3108680457371024E-43, JJ, 
7.237852187876825E-11, <s>, 2.052125903853852E-13, DT, 7.453477169321294E-16, NN, 4.730835083205228E-20, NN, 6.674672496421228E-25, VBZ, 2.2066026384443847E-27, RB, 3.986388087151852E-31, NNS, 5.044968724274489E-35, WP, 1.2555631231690038E-35, VBP, 9.443985885898813E-40, CD, 4.466237596465037E-43, TO, 6.759142198030745E-45, CD, 5.121324031944685E-47, NNS, 4.675213446379711E-52, JJ, 
1.7655010064454098E-9, <s>, 4.0913369550882055E-13, DT, 3.768958661641832E-15, NNP, 5.047643464757312E-18, NNP, 4.2459421653958035E-23, RB, 1.124860455554274E-27, VBN, 1.9333601952761716E-30, IN, 1.3851731295940687E-32, DT, 6.888112744818512E-37, NN, 1.0880491307484839E-41, JJ, 3.1390526465558774E-45, NN, 1.992404357187697E-49, NN, 7.665694135474218E-53, IN, 2.6525439656814707E-55, MD, 2.5144051731950947E-55, VB, 2.0300737087320397E-58, VBN, 6.459016045250719E-63, DT, 8.685644574040141E-64, NN, 2.512502735435464E-68, DT, 1.477002160928054E-70, NN, 2.7056286403828305E-73, IN, 4.4482435411750955E-76, DT, 7.109391302954527E-78, NN, 1.71828612034928E-82, VBD, 1.6456378120684808E-84, DT, 1.707288183629246E-85, JJ, 1.5281911877424283E-88, NN, 
3.210564695350895E-8, <s>, 1.1996156088619812E-9, DT, 1.6351418965729456E-13, NNP, 2.1898922352711268E-16, NNP, 1.6786989682161457E-20, RB, 7.288307123388256E-25, VBD, 8.347134691620791E-27, IN, 4.0614481903542465E-29, DT, 2.3789862291692758E-35, CD, 9.217820323387259E-40, JJ, 4.3588066002509136E-44, NN, 2.766600704198741E-48, NN, 3.309604780832405E-49, IN, 4.9749401717764103E-54, MD, 5.18552455569616E-53, VB, 1.5887306399579647E-56, VBN, 1.8938397279003143E-59, DT, 1.2060659428027781E-62, NN, 7.366876724705818E-65, DT, 2.0509266624443864E-69, NN, 1.1681344605088583E-69, IN, 1.3042637266472947E-72, DT, 9.871915263697382E-77, NN, 3.5042506257555057E-79, VBD, 4.825153311891585E-81, DT, 1.4463938504422641E-83, JJ, 2.1220064094450373E-87, NN, 
0.0179970225821365, <s>, 3.669850181389812E-13, DT, 9.134680800377735E-17, NNP, 1.2233780198741942E-19, NNP, 9.023690194075704E-23, RB, 8.283946528113461E-27, VBD, 6.093116349771708E-22, IN, 1.2424735280175656E-32, DT, 4.822544684182735E-38, NN, 8.898146667077587E-43, JJ, 2.197731398256411E-46, NN, 1.5371411840341166E-44, NN, 8.14994324855169E-51, IN, 4.2052402634153145E-55, MD, 2.494598442312329E-54, VB, 2.8411998058530255E-52, VBN, 5.793612568572228E-63, DT, 1.1052027482380006E-57, NN, 2.2536663981961004E-68, DT, 1.03408715617614E-71, NN, 1.9566987598469536E-65, IN, 3.989988491694775E-76, DT, 4.9774674872488126E-79, NN, 7.238851551686885E-74, VBD, 1.4761053145746699E-84, DT, 1.3962329670215301E-86, JJ, 1.0699259088646532E-89, NN, 
2.1947672141563576E-10, <s>, 9.616986204194329E-14, DT, 3.341964046161216E-18, NNP, 4.475783496577562E-21, NNP, 6.209804030672494E-24, RB, 2.373743588875066E-28, VBD, 3.987304097489726E-30, IN, 3.255950566760309E-33, DT, 3.446454381771098E-39, NN, 6.919748148548333E-44, JJ, 1.5706191447680368E-47, NN, 9.968958089797194E-52, NN, 1.5809497739304173E-52, IN, 6.563156044615238E-56, MD, 2.4025580998839384E-56, VB, 2.4521256215293406E-60, VBN, 1.5182388759888098E-63, DT, 4.3458460843610544E-66, NN, 5.905821106871518E-69, DT, 7.390152800917887E-73, NN, 5.580007383229991E-73, IN, 1.0455921191036475E-76, DT, 3.5571706961713715E-80, NN, 1.1413065223343019E-82, VBD, 3.868191818344603E-85, DT, 1.0857969473841594E-87, JJ, 7.646276143114498E-91, NN, 
1.1951148026724995E-9, <s>, 3.1420377967003066E-11, DT, 9.82690357744831E-15, NNP, 1.3160851597109135E-17, NNP, 6.49232549497562E-23, RB, 6.06686836274398E-27, VBN, 6.68062600328545E-29, IN, 1.0637760653630605E-30, DT, 1.5841225441691774E-36, FW, 1.8086423139010668E-41, JJ, 8.98010361201043E-46, NN, 5.699808056483981E-50, NN, 2.6488408988562266E-51, IN, 8.577192030837801E-54, MD, 4.485473157788507E-55, VB, 1.0949082525508429E-57, VBN, 4.960352267840518E-61, DT, 7.626890940448553E-61, NN, 1.9295351729055874E-66, DT, 4.2253615767960725E-71, NN, 9.349159610474666E-72, IN, 3.4161325475571457E-74, DT, 2.0338324235786602E-78, NN, 1.2717300586007166E-78, VBD, 1.2638060032596089E-82, DT, 2.83799100947855E-85, JJ, 4.371801543355862E-89, NN, 
5.1356099853967105E-9, <s>, 7.049489446172937E-12, DT, 4.824475276848385E-15, NNP, 6.461262456898019E-18, NNP, 7.672396241717002E-22, RB, 4.838085962773831E-20, VBN, 4.003171639493753E-29, IN, 2.386692532388891E-31, DT, 5.5140648844321765E-36, NN, 4.5853119515653634E-41, JJ, 2.51287117531258E-44, NN, 1.9182813053859184E-42, NN, 1.5872411894660145E-51, IN, 6.586934955092384E-55, MD, 3.94485263565725E-54, VB, 6.996767025001591E-57, VBN, 1.1129067574605319E-61, DT, 6.953023203692566E-63, NN, 4.329113370851922E-67, DT, 6.770628658590523E-63, NN, 5.602213114062493E-72, IN, 7.664449602109276E-75, DT, 5.691202566740501E-77, NN, 8.351252734958646E-81, VBD, 2.8354805570272988E-83, DT, 7.194940643697042E-85, JJ, 1.2233460277443886E-87, NN, 
1.3559390681908099E-7, <s>, 1.6970791475524748E-7, DT, 7.805022514260223E-14, NNP, 1.0453012203967029E-16, NNP, 4.937105486380527E-20, RB, 6.995257604712418E-25, VBD, 1.4107355530910967E-26, IN, 4.297553371622603E-28, DT, 2.0344601816740977E-32, JJ, 4.9116347123414494E-39, JJ, 7.121611675456868E-44, NN, 4.520195017419393E-48, NN, 5.593508794925111E-49, IN, 8.298777032836909E-54, MD, 2.3855607861284702E-52, VB, 6.671160165394286E-56, VBN, 2.0039347854492617E-58, DT, 1.9705240648072635E-62, NN, 7.79513720789977E-64, DT, 3.3508950050522874E-69, NN, 1.974244905721954E-69, IN, 1.380084815374501E-71, DT, 1.6129173291841194E-76, NN, 3.363351107964637E-79, VBD, 3.1923281128371383E-76, DT, 7.70698277284155E-83, JJ, 3.4670282503537E-87, NN, 
1.6115721298269917E-9, <s>, 1.0945408515968697E-10, DT, 3.0919581183746895E-16, NNP, 4.140958707867217E-19, NNP, 2.012117895292846E-21, RB, 2.996007479433763E-26, VBD, 2.4803677434897214E-28, IN, 3.7057045007976046E-30, DT, 6.3329769124830704E-37, NN, 1.4938221774819264E-41, JJ, 2.88606599139385E-45, NN, 1.8318298874959562E-49, NN, 9.834556701614801E-51, IN, 9.156460267982899E-55, MD, 1.0302628265394397E-53, VB, 1.6637036544659712E-57, VBN, 1.7279576334709768E-60, DT, 7.985639694821713E-64, NN, 6.721609375788285E-66, DT, 1.3579656622027933E-70, NN, 3.471134877952163E-71, IN, 1.1900228035759764E-73, DT, 6.536421898333087E-78, NN, 1.4404937809060351E-80, VBD, 4.4025164194832534E-82, DT, 2.343997968459162E-85, JJ, 1.4050291957130089E-88, NN, 
2.9765665472500334E-9, <s>, 1.9877011664775776E-10, DT, 2.6016016433954774E-16, NNP, 3.484240266903466E-19, NNP, 1.2450792096308683E-22, RB, 3.605611747049894E-27, VBD, 2.696324549834811E-28, IN, 6.72961009003026E-30, DT, 1.8317300768059166E-37, JJ, 8.671403430248614E-42, JJ, 1.341956903683719E-46, NN, 8.517604140826116E-51, NN, 1.0690816610120273E-50, IN, 1.4953716553312003E-54, MD, 7.429094425017977E-55, VB, 1.1174011785853692E-58, VBN, 3.1379947113560234E-60, DT, 3.7131459747464673E-65, NN, 1.2206534618939762E-65, DT, 6.314240217627045E-72, NN, 3.773354258365868E-71, IN, 2.161097698045618E-73, DT, 3.0392917272211125E-79, NN, 1.7335942362095642E-81, VBD, 7.995030070989613E-82, DT, 1.360654054450767E-85, JJ, 6.533075247366893E-90, NN, 
5.076251912017366E-9, <s>, 1.3345810241379401E-11, DT, 1.5845660124263959E-15, NNP, 2.1221576024440726E-18, NNP, 2.89549703637612E-22, RB, 7.686286042329509E-27, VBD, 1.9989230268782174E-29, RP, 4.51839042883759E-31, DT, 5.451509812916246E-37, JJ, 2.5807427355337745E-41, JJ, 1.9979668512860826E-45, NN, 1.2681398843012726E-49, NN, 1.412073949343554E-51, WDT, 9.107908995210537E-54, MD, 3.4928765569732803E-54, VB, 1.1626561101213912E-57, VBN, 2.106910367740232E-61, DT, 1.442951770789522E-60, NN, 8.19570353313651E-67, DT, 9.400929799791536E-71, NN, 4.9638211787584204E-73, IN, 1.4510028105637782E-74, DT, 4.525036613103477E-78, NN, 9.645952519952604E-78, VBD, 5.3680178892601704E-83, DT, 4.0495152772493213E-85, JJ, 9.726741406796369E-89, NN, 
4.192605312254496E-11, <s>, 2.4630845251480417E-12, DT, 2.0338211912835987E-15, NNP, 2.7238304174436122E-18, NNP, 9.743003531103712E-23, RB, 1.8572417251874638E-28, VBN, 3.341861750994349E-31, IN, 8.339079713077503E-32, DT, 6.009061864800301E-37, NN, 5.346193562487075E-43, JJ, 2.7384513362108715E-45, NN, 1.738136625455889E-49, NN, 8.405197076991659E-45, WDT, 1.058715641025459E-55, MD, 2.6517357839709604E-56, VB, 3.351826956353779E-59, VBN, 3.8884850217370975E-62, DT, 7.577195309460551E-64, NN, 1.512587859415211E-67, DT, 1.2885093041104478E-70, NN, 4.676747192676448E-74, IN, 2.6779509853697432E-75, DT, 6.202101176793758E-78, NN, 4.521911707635685E-83, VBD, 9.907140559184204E-84, DT, 8.388861163236258E-87, JJ, 1.3331656621466725E-88, NN, 
7.618805767179074E-8, <s>, 1.6241970222375564E-8, DT, 1.3220815711502179E-11, NNP, 4.3571693833797535E-16, NNP, 3.2452776400295993E-21, RB, 3.233017818624933E-25, VBN, 1.0012609905267509E-26, IN, 5.498921494530531E-28, DT, 3.674133473512775E-34, JJ, 2.5059700254752248E-36, JJ, 1.590577209087826E-40, NN, 1.3642749936668858E-46, NN, 3.96995889431955E-49, IN, 9.751928192033388E-54, MD, 1.0202295352736755E-52, VB, 5.834736603144828E-56, VBN, 6.933927972937126E-55, DT, 1.609896919171276E-61, NN, 1.1791210787461226E-61, DT, 2.7376450972841774E-68, NN, 1.401208331011638E-69, IN, 5.675572699975473E-69, DT, 1.3177360710819089E-75, NN, 1.1083993236578021E-79, VBD, 6.532925699798612E-80, DT, 1.2199863273652607E-79, JJ, 2.8325247068069333E-86, NN, 
8.178850347736133E-8, <s>, 2.5715693536398398E-9, DT, 1.3902409040173564E-13, NNP, 1.8619043198909943E-16, NNP, 1.2485312800687976E-21, RB, 1.9341853117137581E-25, VBN, 5.5800037157336224E-27, IN, 8.706368623878592E-29, DT, 1.947702575467694E-34, JJ, 9.220416811337947E-39, JJ, 3.808133637289204E-43, NN, 2.417080216865035E-47, NN, 2.2124486613583874E-49, IN, 6.682285607254375E-54, MD, 8.632396575671183E-53, VB, 3.4906896493138674E-56, VBN, 4.059750614277297E-59, DT, 1.0536967355495398E-61, NN, 1.5792087296419736E-64, DT, 1.7918213692752866E-68, NN, 7.808900743699704E-70, IN, 2.7958994562367005E-72, DT, 8.624739757435133E-76, NN, 8.383891672987662E-80, VBD, 1.0343493608961347E-80, DT, 1.4468012725955356E-82, JJ, 1.8539212053789584E-86, NN, 
7.2447763977865E-5, <s>, 2.9354048006993307E-6, DT, 3.931291953256048E-9, NNP, 5.0081903593746366E-15, NNP, 6.38008343668274E-21, NNP, 7.030203992126373E-25, VBD, 2.4484913450108538E-26, IN, 2.2762635306307127E-28, DT, 2.8998001687610406E-34, NNP, 2.556619073724981E-39, JJ, 8.260748038031432E-44, NN, 5.243222155786983E-48, NN, 9.708168084803235E-49, IN, 2.0242763903319026E-53, MD, 9.215413835315114E-53, VB, 4.18756859174817E-56, VBN, 1.0614140827198574E-58, DT, 1.3130870162749965E-61, NN, 4.128811211460382E-64, DT, 3.886886929545932E-69, NN, 3.4265256546489177E-69, IN, 7.309825993453813E-72, DT, 1.8709112866238736E-76, NN, 1.9418116325247672E-78, VBD, 2.7042867466943695E-80, DT, 4.0116621678739304E-83, JJ, 4.021596251254676E-87, NN, 
8.179352431083715E-9, <s>, 3.7745543698931503E-10, DT, 2.0221970037657274E-13, NNP, 2.7082625220578514E-16, NNP, 3.4501366001046964E-22, NNP, 2.1536354999279195E-27, VBN, 3.40311550922303E-28, IN, 1.2779224362993448E-29, DT, 1.5681153380705763E-35, NNP, 1.4806987173063962E-40, JJ, 9.335655090611862E-46, NN, 5.925481976272256E-50, NN, 1.349321386937207E-50, IN, 5.201461376340761E-54, MD, 1.63207366473556E-54, VB, 3.886738826142959E-58, VBN, 5.958909644069017E-60, DT, 2.583141830126669E-64, NN, 2.3179655656599344E-65, DT, 4.392657369936614E-71, NN, 4.7624683754128755E-71, IN, 4.103826519546459E-73, DT, 2.1143584572052405E-78, NN, 1.005014754441747E-81, VBD, 1.518219951812933E-81, DT, 2.3234055817251195E-84, JJ, 4.544895370559957E-89, NN, 
5.563082629466776E-10, <s>, 1.6811173775859446E-13, DT, 2.453635847937338E-17, NNP, 3.2860745008383805E-20, NNP, 7.294679448547865E-23, RB, 2.1300623463492264E-27, VBD, 5.442032027553678E-29, IN, 5.691632453371206E-33, DT, 1.1506159990435985E-38, VBG, 2.540204185541554E-43, JJ, 2.882831311041606E-47, NN, 1.8297767867825954E-51, NN, 2.1577434510449315E-51, IN, 9.637204185468212E-55, MD, 1.0079620587863267E-54, VB, 2.7004883560347143E-58, VBN, 2.6539892057224436E-63, DT, 7.976689451861931E-66, NN, 1.0323794046148708E-68, DT, 1.3564436648334854E-72, NN, 7.615817141371632E-72, IN, 1.8277691617415737E-76, DT, 6.5290959274261266E-80, NN, 1.0241434922712831E-81, VBD, 6.761873572012336E-85, DT, 3.985905109815456E-87, JJ, 1.4034544499008011E-90, NN, 
1.3307916191043018E-12, <s>, 3.1317419708003284E-14, NNP, 1.2689046439649383E-15, NNP, 1.6994026224526673E-18, NNP, 2.164919810500042E-24, NNP, 8.2567447434239E-30, VBD, 2.147278556092301E-32, RP, 1.7334768246693533E-34, DT, 9.839737824974649E-38, NNP, 1.2535136209610938E-43, NNP, 4.248114449092663E-46, NN, 2.6963427158479697E-50, NN, 1.0293079490296712E-54, WDT, 9.783877324580577E-57, MD, 1.2791283837624186E-57, VB, 5.483176714620636E-61, VBN, 8.083144543737158E-65, DT, 1.1754378269235694E-64, NN, 3.144275015695758E-70, DT, 1.9988432586703545E-71, NN, 1.0664449436125423E-75, IN, 5.566760518500592E-78, DT, 9.621217392282822E-79, NN, 3.9698797600060124E-84, VBD, 2.05943571101201E-86, DT, 4.8558821672356604E-88, JJ, 2.0681179312960993E-89, NN, 
3.927022647904334E-9, <s>, 5.669636812046485E-13, DT, 1.5101850929592812E-16, NNP, 2.0225416618735629E-19, NNP, 8.979585271689226E-23, RB, 1.4693976819239428E-26, VBD, 9.414066721050726E-29, IN, 1.9195262215783092E-32, DT, 1.541402047186959E-37, NN, 1.799057831428657E-42, JJ, 7.024481675722568E-46, NN, 4.458545132414568E-50, NN, 3.7326389687159695E-51, IN, 2.9222657672532845E-54, MD, 2.090626749178084E-54, VB, 2.8688646880784446E-58, VBN, 8.950686668378523E-63, DT, 1.943648546931054E-64, NN, 3.4817415811906134E-68, DT, 3.30519293004698E-71, NN, 1.3174455854208437E-71, IN, 6.164225925862569E-76, DT, 1.5909191261235665E-78, NN, 7.0649297006736E-81, VBD, 2.2804693969279643E-84, DT, 2.8229517311877895E-86, JJ, 3.419742261116711E-89, NN, 
3.2212060680164086E-10, <s>, 5.204764293773931E-13, DT, 1.4162952895869615E-17, NNP, 1.8967981090925442E-20, NNP, 1.435451414429944E-23, RB, 4.0238875310136445E-27, VBD, 7.028953278362776E-29, IN, 1.7621378353205984E-32, DT, 1.6160094691821752E-38, VBG, 2.399341964320489E-43, JJ, 2.722969350262898E-47, NN, 1.7283099739995954E-51, NN, 2.786951239407876E-51, IN, 6.863215621307013E-56, MD, 1.5325640962639293E-54, VB, 1.776069338062953E-58, VBN, 8.216789879265537E-63, DT, 7.53435721708516E-66, NN, 3.196261923413714E-68, DT, 1.281224645560454E-72, NN, 9.836624002251435E-72, IN, 5.658800389033103E-76, DT, 6.167037255081024E-80, NN, 1.9347031018046713E-81, VBD, 2.093486070387382E-84, DT, 3.764874276727015E-87, JJ, 1.3256285364089428E-90, NN, 
5.47181040274637E-8, <s>, 1.7884197535758732E-10, DT, 2.625710086065763E-14, NNP, 1.4788004243756875E-13, NNP, 1.0403746096771682E-20, RB, 3.255310922376345E-22, VBD, 6.561430397294599E-28, IN, 6.0549180238202535E-30, DT, 9.691808294356961E-36, NN, 7.140069915117359E-41, JJ, 4.416753558396497E-44, NN, 1.9798347053451064E-45, NN, 2.601580328371178E-50, IN, 1.3724288602117577E-51, MD, 4.186282940612341E-53, VB, 4.252734945430814E-54, VBN, 2.8233880540256954E-60, DT, 1.2220996554947755E-62, NN, 1.0982741270864909E-65, DT, 1.3342582463817516E-67, NN, 1.7685990703054465E-68, IN, 1.9444320292075097E-73, DT, 1.0003154731988837E-76, NN, 1.4774841435371554E-79, VBD, 7.193470502776521E-82, DT, 1.1203682491783038E-84, JJ, 2.1502168413062936E-87, NN, 
1.306744271042421E-9, <s>, 1.922254808946331E-11, DT, 6.168301705924511E-16, NNP, 8.261005383645693E-19, NNP, 6.802959080046998E-22, RB, 9.500551374528695E-27, VBD, 2.1000807198262405E-29, IN, 6.508033287930531E-31, DT, 8.926144891525615E-37, NN, 2.0599772932291824E-42, JJ, 4.067825220538398E-45, NN, 2.581910406176565E-49, NN, 8.32673419951882E-52, IN, 6.363875609463967E-54, MD, 2.5135244318019784E-54, VB, 9.781819813896769E-58, VBN, 3.034674188495685E-61, DT, 1.1255524527018805E-63, NN, 1.1804626503996928E-66, DT, 1.914012703037952E-70, NN, 2.9389446190941227E-72, IN, 2.0899421466017923E-74, DT, 9.212894621746818E-78, NN, 4.567907545001652E-81, VBD, 7.7317884905531E-83, DT, 3.23236772300472E-86, JJ, 1.9803473707660616E-88, NN, 
2.432434463246267E-10, <s>, 2.2091939175913004E-11, DT, 1.4142007476689915E-17, NNP, 1.893992957385389E-20, NNP, 1.2613291176212234E-23, RB, 7.2546078449202645E-28, VBD, 4.110055122252938E-30, IN, 7.479501410668213E-31, DT, 2.005323862631369E-38, NN, 8.784576557547531E-43, JJ, 9.138667457105495E-47, NN, 5.800450935540652E-51, NN, 1.6296200534235973E-52, IN, 7.538372264505734E-55, MD, 8.714378083177585E-56, VB, 5.188263307812076E-59, VBN, 3.487666529897162E-61, DT, 2.5286360679504647E-65, NN, 1.356672848505548E-66, DT, 4.299969800429223E-72, NN, 5.751790524854176E-73, IN, 2.4019123047069944E-74, DT, 2.069744290890562E-79, NN, 3.4880478621150966E-82, VBD, 8.885929183756423E-83, DT, 1.3784123649425817E-86, JJ, 4.448995492630558E-90, NN, 
5.297114060658024E-11, <s>, 4.076040525565349E-13, DT, 3.9660602265753833E-17, NNP, 5.3116151650191786E-20, NNP, 1.621280306117247E-23, RB, 2.556973173361046E-21, VBD, 5.860853311242094E-31, RP, 1.3799943326906652E-32, DT, 1.0830933229072201E-37, VBG, 6.158984102791336E-43, JJ, 4.3103264147124384E-46, NN, 2.735829594637993E-50, NN, 6.037804190174337E-53, WDT, 3.894397394737955E-55, MD, 8.757332719535142E-54, VB, 3.121027156982186E-57, VBN, 6.43486748823678E-63, DT, 1.1926516516811328E-64, NN, 2.5031091505412217E-68, DT, 4.862215139653957E-68, NN, 2.1224511879364715E-74, IN, 4.4316127320838366E-76, DT, 9.762116337638905E-79, NN, 8.841484548033705E-81, VBD, 1.6394852064315513E-84, DT, 9.664233429075486E-87, JJ, 2.098404705153361E-89, NN, 
5.3421827278355006E-9, <s>, 8.549106315536987E-12, DT, 1.485434486787222E-16, NNP, 1.989393981914995E-19, NNP, 1.854807730110749E-22, RB, 4.9237082918924535E-27, VBD, 1.280477180798772E-29, RP, 2.8944065180447797E-31, DT, 3.492147432631041E-37, JJ, 1.6531813070981886E-41, JJ, 3.4905400103370054E-46, NN, 2.2154987216171373E-50, NN, 9.045513235988055E-52, WDT, 5.834376549942807E-54, MD, 2.2374792157635962E-54, VB, 7.447783622022415E-58, VBN, 1.3496520934540621E-61, DT, 2.857152323232055E-60, NN, 5.250032749466414E-67, DT, 1.642385687200935E-71, NN, 6.359484245766366E-73, IN, 9.294885111726701E-75, DT, 7.905447147989708E-79, NN, 7.00322580215737E-77, VBD, 3.438663880945931E-83, DT, 2.5940528154862663E-85, JJ, 1.699306473917217E-89, NN, 
1.3948667411200285E-11, <s>, 2.214492257237832E-14, DT, 9.036981722248327E-17, NNP, 1.2102935008463867E-19, NNP, 1.6431546927184286E-23, RB, 1.1258835639650445E-27, VBN, 5.196568770537316E-31, RP, 7.497439600043478E-34, DT, 8.759561353035959E-38, NN, 2.284747803263542E-42, JJ, 3.991909724271013E-46, NN, 2.5337256885015818E-50, NN, 1.6936422381053943E-53, IN, 1.1026374239867214E-55, MD, 1.5229432891472179E-55, VB, 2.031920147084133E-58, VBN, 4.7253850264631946E-64, RB, 1.1045469108240201E-64, NN, 1.3599265753438183E-69, DT, 1.8782925783188337E-71, NN, 5.977758654332947E-74, IN, 2.4076728434673932E-77, DT, 9.040959636994337E-79, NN, 4.172329154362389E-82, VBD, 8.907240427878398E-86, DT, 3.585061388175883E-86, JJ, 1.9433892800707053E-89, NN, 
4.0591754932741356E-9, <s>, 3.0932891071985065E-12, DT, 1.5425355919454095E-15, NNP, 2.0658676305160083E-18, NNP, 2.8186943301550115E-22, RB, 6.2713779996666405E-27, VBN, 1.9459018370571842E-29, RP, 1.0472715888210247E-31, DT, 4.267905386285886E-37, NN, 2.3370128826099875E-42, JJ, 1.9449710239061696E-45, NN, 1.2345026283284054E-49, NN, 1.3746188598264716E-51, WDT, 8.866322818447177E-54, MD, 6.955012701263016E-55, VB, 1.1318167984108227E-57, VBN, 4.883392444894259E-62, DT, 5.381664126911356E-64, NN, 1.8995984512259315E-67, DT, 9.151571281876318E-71, NN, 4.8321564265805225E-73, IN, 3.363131280343637E-75, DT, 4.405010568086036E-78, NN, 1.284848325133345E-81, VBD, 1.2441980639445204E-83, DT, 3.6670719792998775E-86, JJ, 9.468740775688889E-89, NN, 
1.0108854225604308E-7, <s>, 8.005230546398701E-12, DT, 5.341187855588849E-15, NNP, 7.153278768401163E-18, NNP, 2.6341600874570848E-20, RB, 1.844189021169672E-26, VBD, 5.798625671619639E-29, RB, 2.710270596335682E-31, DT, 1.3340138488486341E-36, NN, 4.0320246544171854E-42, JJ, 1.228538468099629E-43, NN, 3.8586694258076906E-49, NN, 1.5184511695330607E-51, IN, 8.724459869828814E-46, MD, 7.428208026035778E-54, VB, 6.123487289764107E-58, VBN, 3.061688332082248E-59, RB, 1.6821400254608976E-63, NN, 4.9160369498788075E-67, DT, 2.8604951899771757E-70, NN, 5.359416773882671E-72, IN, 8.703564498482599E-75, DT, 1.3768686440505208E-77, NN, 8.866943203733857E-81, VBD, 3.2199034755853573E-83, DT, 6.326762141570552E-86, JJ, 2.9596324619836874E-88, NN, 
9.834034131939572E-10, <s>, 4.700789469612507E-11, DT, 2.29193116813599E-13, NNP, 3.0695086948700053E-16, NNP, 3.788736797065218E-18, RB, 8.122012489624078E-27, VBD, 3.5565030446821955E-29, IN, 1.5915108759468134E-30, DT, 3.100419788831133E-35, NN, 3.156885809737481E-41, JJ, 1.4129241642982154E-43, NN, 8.968044114877314E-48, NN, 1.5545432164873838E-49, WDT, 6.095342856594824E-54, MD, 2.738954070915187E-51, VB, 1.2305633750436444E-57, VBN, 7.421162065816262E-61, DT, 3.9095098053330915E-62, NN, 2.8867694181040683E-66, DT, 6.648158788243441E-69, NN, 4.977125587260963E-72, IN, 5.110861468064278E-74, DT, 1.8216415783760923E-72, NN, 3.905099890456829E-81, VBD, 1.8907748207213856E-82, DT, 4.9535574154854465E-85, JJ, 6.878566561150002E-87, NN, 
3.407691808001566E-8, <s>, 3.890930203922655E-10, DT, 1.4920721066484368E-14, NNP, 1.998283529803909E-17, NNP, 1.2447523722701037E-20, RB, 2.4264665371800542E-25, VBD, 4.242312204257572E-27, IN, 1.3173229256751443E-29, DT, 1.1796879790196683E-35, NN, 1.4970221416604741E-38, JJ, 5.37607732312084E-44, NN, 3.4122778714515135E-48, NN, 1.6820594457507488E-49, IN, 3.551786235257414E-54, MD, 4.309212722596969E-53, VB, 2.727021934158658E-56, VBN, 6.142632810243631E-60, DT, 1.4875410542227606E-62, NN, 2.389432326903854E-65, DT, 2.529577779550134E-69, NN, 5.93687685788178E-70, IN, 4.230354365517887E-73, DT, 1.2175851018918549E-76, NN, 1.1666559514214147E-79, VBD, 1.5650292161175467E-81, DT, 2.7911059058311482E-84, JJ, 2.617246320742434E-87, NN, 
1.3094325632821148E-8, <s>, 3.4375976790379546E-10, DT, 5.607104128672667E-15, NNP, 7.5094117638794E-18, NNP, 2.61686085822685E-18, RB, 8.295722316870536E-25, VBD, 4.745046561167875E-28, IN, 1.163841548038825E-29, DT, 1.33859190971511E-35, NN, 8.820481169175218E-41, JJ, 6.100234755899331E-44, NN, 3.871911584807917E-48, NN, 1.881391563008817E-50, IN, 9.704081216360341E-54, MD, 4.722737297293112E-49, VB, 3.414205803544865E-56, VBN, 5.426954271857105E-60, DT, 1.6879127836891136E-62, NN, 2.111039414919874E-65, DT, 2.8703118205161156E-69, NN, 6.640425259201101E-71, IN, 3.7374755100339604E-73, DT, 1.3815937737506703E-76, NN, 3.988620351453167E-79, VBD, 1.382687562868247E-81, DT, 1.384046257515758E-84, JJ, 2.9697893112285833E-87, NN, 
5.78727552003502E-10, <s>, 5.252845774761894E-11, DT, 1.9880466148533936E-14, NNP, 2.6625260195149527E-17, NNP, 6.287743457139296E-21, RB, 5.374109505967887E-27, VBN, 2.1027858668107195E-29, IN, 1.778416420102716E-30, DT, 1.216105853081092E-35, NNS, 2.846430479656126E-41, JJ, 1.6089687336674055E-44, NN, 4.605216255245888E-47, NN, 1.323995847713432E-49, WDT, 1.9064263676902984E-52, MD, 5.430162220356401E-55, VB, 9.698837186463744E-58, VBN, 8.292696376478984E-61, DT, 4.451958002906267E-63, NN, 3.225788910272082E-66, DT, 7.570597132545192E-70, NN, 2.9427303198525917E-72, IN, 2.5753810692795947E-72, DT, 3.644025637611169E-77, NN, 4.012607961311294E-82, VBD, 2.112825641789742E-82, DT, 4.466413313612036E-85, JJ, 7.832974202714935E-88, NN, 
1.6214456728375144E-9, <s>, 1.6670946942458605E-10, DT, 1.3080600000813192E-13, NNP, 1.751842114406394E-16, NNP, 6.732859255779461E-21, RB, 5.119336439119993E-27, VBN, 3.4555707438087197E-29, IN, 5.644156910826772E-30, DT, 2.7746828520105293E-35, NN, 3.2206592301626917E-41, JJ, 1.2644792372930812E-43, NN, 8.025841633208378E-48, NN, 1.9083090258447714E-49, WDT, 9.870598630222129E-55, MD, 1.5213917161057085E-54, VB, 9.239039615887679E-58, VBN, 2.6318515187791984E-60, DT, 3.4987680880189286E-62, NN, 1.0237680312088526E-65, DT, 5.949688572377669E-69, NN, 4.835876520144422E-72, IN, 1.8125232137098683E-73, DT, 2.863818707290987E-76, NN, 7.729077754777872E-82, VBD, 6.705470840620569E-82, DT, 5.0536260650019274E-85, JJ, 6.155889196808206E-87, NN, 
4.882385444421082E-11, <s>, 2.2083651030982885E-13, DT, 1.7928872154246398E-16, NNP, 2.4011553981976613E-19, NNP, 1.7967196714567833E-24, RB, 4.9140774685885466E-29, VBN, 1.1062171708136036E-29, IN, 7.4766953558804E-33, DT, 2.6981077253183697E-37, NN, 1.8769987887217927E-43, JJ, 1.2295823993625182E-45, NN, 5.728932769374909E-43, NN, 4.386105858383726E-52, IN, 7.912321329542593E-56, MD, 3.930887821010396E-56, VB, 8.868601809580435E-60, VBN, 3.4863580759204636E-63, DT, 3.4022098059030455E-64, NN, 1.356163870950358E-68, DT, 5.785490290805204E-71, NN, 1.5480885906048216E-72, IN, 2.4010111888233986E-76, DT, 2.784783627597002E-78, NN, 1.5288010623792606E-83, VBD, 8.882595485056308E-85, DT, 2.9452510572446773E-87, JJ, 5.986000232811143E-89, NN, 
2.345241378663044E-10, <s>, 1.1028257474435067E-12, DT, 1.3169484997570835E-16, NNP, 1.7637461922506242E-19, NNP, 1.3050995544767951E-23, RB, 1.8284713480643545E-28, VBD, 8.505363166504169E-30, IN, 3.7337540484985703E-32, DT, 1.037456141755309E-37, NN, 4.039741109897814E-43, JJ, 4.727898000671384E-46, NN, 3.0008686178653375E-50, NN, 3.372341724260852E-52, IN, 9.578907611568445E-56, MD, 2.5046619463659988E-55, VB, 2.326265748307097E-59, VBN, 1.741037043892088E-62, DT, 1.3081921917175355E-64, NN, 6.7724871785847174E-68, DT, 2.224593324772948E-71, NN, 1.1902776438853739E-72, IN, 1.1990304298956024E-75, DT, 1.0707841094703636E-78, NN, 8.79137192924958E-83, VBD, 4.435840337859908E-84, DT, 6.338870246700433E-87, JJ, 2.301691903478702E-89, NN, 
3.3432496306538386E-12, <s>, 2.4610963485281564E-13, DT, 2.922092819132838E-17, NNP, 3.913463650324276E-20, NNP, 5.339576282378511E-24, RB, 1.417425406954152E-28, VBD, 3.6862071867210624E-31, RP, 8.332348493280688E-33, DT, 1.3229804193718773E-38, NN, 4.759138941762941E-43, JJ, 6.029090028897773E-47, NN, 3.8267549467934645E-51, NN, 2.604000789555627E-53, WDT, 1.679586414419345E-55, MD, 4.391728523144851E-57, VB, 2.144050196624072E-59, VBN, 3.885346276424844E-63, DT, 1.6682272963262101E-65, NN, 1.5113669139759023E-68, DT, 2.8368364611158105E-72, NN, 1.8307531662500854E-74, IN, 2.6757893707422503E-76, DT, 1.365480768957619E-79, NN, 6.815044680734759E-83, VBD, 9.899143616720972E-85, DT, 7.4676974135646E-87, JJ, 2.9351537835392305E-90, NN, 
9.782090446454636E-10, <s>, 3.442808382067831E-14, DT, 2.4621868207775217E-16, NNP, 3.297526539995336E-19, NNP, 8.06705069960785E-23, RB, 9.517561374504145E-28, VBD, 1.2297813087805329E-29, IN, 1.1656056965072869E-33, DT, 2.0663142916576513E-37, NN, 2.23692744055918E-42, JJ, 9.416613209072967E-46, NN, 5.976867322787102E-50, NN, 4.876032613926924E-52, IN, 1.9736306216210607E-55, MD, 7.276426057751715E-55, VB, 1.5116446832464397E-58, VBN, 2.3199228138758458E-63, RB, 2.6055426472364966E-64, NN, 2.1142393238395796E-69, DT, 4.4307501735227255E-71, NN, 1.7210096383352908E-72, IN, 3.743140767223008E-77, DT, 2.132694019175583E-78, NN, 4.576086028982768E-82, VBD, 1.3847834376464812E-85, DT, 3.510025125681138E-86, JJ, 4.584308370958089E-89, NN, 
1.9293860087085957E-11, <s>, 4.571276570614229E-12, DT, 2.1152657166055637E-17, NNP, 2.832906415056861E-20, NNP, 4.9785559716431803E-23, RB, 1.6519877587100743E-27, VBD, 3.720880770122669E-29, IN, 1.5476626694564783E-31, DT, 3.2959483933242057E-38, JJ, 1.5603007542263668E-42, JJ, 1.7604015103783662E-47, NN, 1.1173535568210243E-51, NN, 1.4753140138097098E-51, IN, 3.461741554304931E-56, MD, 2.054724652137026E-55, VB, 7.760252935678813E-59, VBN, 7.216699343268691E-62, DT, 4.87096699175343E-66, NN, 2.8072351444474664E-67, DT, 8.283125922665448E-73, NN, 5.207162950644872E-72, IN, 4.970050549092796E-75, DT, 3.986993719689176E-80, NN, 7.942830947152758E-82, VBD, 1.8386815010848514E-83, DT, 2.4483113540708913E-86, JJ, 8.570197374677233E-91, NN, 
3.951113199863627E-12, <s>, 4.501355875554745E-13, DT, 3.4533824226115365E-17, NNP, 4.625002495837781E-20, NNP, 8.263629960823885E-24, RB, 5.982639704676616E-29, VBD, 4.560863372372117E-30, IN, 1.523990146498308E-32, DT, 5.5260228446623873E-39, JJ, 2.6160171772904114E-43, JJ, 5.93774017997508E-48, NN, 3.768773811235988E-52, NN, 1.8083636816210497E-52, IN, 1.9849657624955898E-55, MD, 1.557067385478629E-56, VB, 3.708113422099282E-60, VBN, 7.106315159261889E-63, DT, 1.6429511251697524E-66, NN, 2.7642966283758385E-68, DT, 2.7938540904928435E-73, NN, 6.382671265971889E-73, IN, 4.894030342591345E-76, DT, 1.3447916663976548E-80, NN, 2.876479897712723E-83, VBD, 1.8105576528418227E-84, DT, 4.104865385891746E-87, JJ, 2.890681756515909E-91, NN, 
7.174625976137697E-10, <s>, 9.505616982756171E-13, DT, 3.116999269682676E-17, NNP, 4.174495505454351E-20, NNP, 2.3167160820550577E-24, RB, 2.423773944695977E-28, VBD, 2.5521850154246943E-30, IN, 3.218245128490774E-32, DT, 1.248753058984698E-38, NN, 3.85971180852938E-43, JJ, 5.690820896695335E-47, NN, 3.6120503945643997E-51, NN, 1.01193092488343E-52, IN, 3.6650977720398016E-55, MD, 4.707625138379743E-56, VB, 2.1973717980538817E-59, VBN, 1.5006569560415535E-62, DT, 1.5746294569939196E-65, NN, 5.8374289219749175E-68, DT, 2.6776724407906206E-72, NN, 3.571639102822515E-73, IN, 1.0334836708045683E-75, DT, 1.2888688768577334E-79, NN, 1.165361340925796E-82, VBD, 3.8233963385512977E-84, DT, 6.056381257695022E-87, JJ, 2.7704735551001744E-90, NN, 
2.612440591774171E-12, <s>, 4.29267708352844E-15, DT, 4.53188384109732E-17, NNP, 6.069404285689143E-20, NNP, 1.5522266974517287E-24, RB, 3.311398345433347E-29, VBN, 9.258525721699437E-32, RP, 1.4533393400250104E-34, DT, 1.8468172641229154E-38, NN, 6.010662611188474E-43, JJ, 8.416320747669279E-47, NN, 5.341966515771525E-51, NN, 1.2717412164786304E-54, WDT, 1.1132316716540903E-56, MD, 1.351243664759172E-56, VB, 5.976192590831693E-60, VBN, 6.776872808070265E-65, DT, 2.328765359051262E-65, NN, 2.636146333851354E-70, DT, 3.9600877497260734E-72, NN, 4.470513734207245E-75, IN, 4.667147517001338E-78, DT, 1.9061457153961948E-79, NN, 4.358527011194145E-84, VBD, 1.726621835649308E-86, DT, 9.431498047156075E-87, JJ, 4.097334020158495E-90, NN, 
1.1895198247150684E-10, <s>, 3.1128498491455023E-13, DT, 3.307090846776018E-16, NNP, 4.4290789575325E-19, NNP, 2.6700341599719014E-24, RB, 3.866091084471017E-29, VBN, 5.49494927590216E-31, IN, 1.0538941218554171E-32, DT, 2.8874762633826017E-38, NN, 4.375425547144961E-43, JJ, 1.315881481942446E-46, NN, 8.352099481483046E-51, NN, 2.178724923681097E-53, IN, 5.632073391460497E-56, MD, 3.2553457963652987E-56, VB, 6.977265337575261E-60, VBN, 4.914273095273234E-63, DT, 3.640996230583562E-65, NN, 1.911610763628569E-68, DT, 6.191548888122817E-72, NN, 7.689871848327804E-74, IN, 3.3843983979097196E-76, DT, 2.980235573208635E-79, NN, 1.2027657673235515E-83, VBD, 1.2520658824433261E-84, DT, 6.865602043035803E-87, JJ, 6.406131757695251E-90, NN, 
8.200608370677176E-13, <s>, 1.437330338418013E-14, DT, 3.3879827455631817E-16, NNP, 4.5374148404437145E-19, NNP, 2.026973768502531E-24, RB, 7.676070542171773E-29, VBN, 1.283546590870683E-31, IN, 4.866261041273874E-34, DT, 3.150470103293069E-38, NN, 3.692122515399246E-43, JJ, 1.4357331074577011E-46, NN, 9.112815938897747E-51, NN, 6.387315645318288E-54, WDT, 5.591202031580522E-56, MD, 1.2926888387308357E-56, VB, 1.3853264124532595E-59, VBN, 2.2691212726005953E-64, DT, 3.972621321990877E-65, NN, 1.2975063566844713E-68, LS, 6.755480525494354E-72, NN, 1.79625112072269E-74, IN, 1.5627154313094463E-77, DT, 3.2516780114289686E-79, NN, 5.970187117919516E-84, VBD, 8.67366807697741E-86, LS, 5.793412231960836E-87, JJ, 6.989607788751865E-90, NN, 
3.961713113560935E-13, <s>, 9.704302116759994E-14, DT, 9.408842139093026E-16, NNP, 1.2600955541825303E-18, NNP, 3.2981523264532675E-23, RB, 2.0219973673253496E-28, VBD, 2.4668827861579566E-27, IN, 3.285512457457561E-33, DT, 1.4575943274225824E-37, NN, 1.3665374357987383E-42, JJ, 6.642552903249911E-46, NN, 4.2161291438694963E-50, NN, 1.1018711018701054E-53, IN, 6.522190417054134E-56, MD, 3.4118907113197225E-56, VB, 3.558456836195988E-59, VBN, 1.5320234868985994E-63, DT, 1.8379702438310207E-64, NN, 5.959442080058644E-69, DT, 3.1254859656283862E-71, NN, 3.889085526428348E-74, IN, 1.055085408177015E-76, DT, 1.5044191084719235E-78, NN, 9.721853675715888E-83, VBD, 3.903312457121281E-85, DT, 2.1442719365266552E-86, JJ, 3.233807123941366E-89, NN, 
2.933869520195498E-13, <s>, 4.929013518986944E-14, DT, 2.738672825607198E-16, NNP, 3.667815232619898E-19, NNP, 1.2669474735965994E-23, RB, 2.9254594263282813E-28, VBD, 2.6942656542956974E-31, RP, 1.6687789729505237E-33, DT, 1.0259822578478136E-37, NN, 8.488268549865512E-43, JJ, 4.6756091851708084E-46, NN, 2.967680113062834E-50, NN, 6.194916048740263E-54, IN, 3.073665490545777E-56, MD, 3.60956480811103E-56, VB, 4.005235995653072E-59, VBN, 7.781460621765877E-64, DT, 1.2937240665290692E-64, NN, 3.026922515890919E-69, DT, 2.1999901396140574E-71, NN, 2.186513313735549E-74, IN, 5.358994575827038E-77, DT, 1.0589416304801034E-78, NN, 1.406573961796411E-82, VBD, 1.9825722281206643E-85, DT, 1.3319178505007356E-86, JJ, 1.314102718643473E-80, NN, 
7.237852187876825E-11, <s>, 2.052125903853852E-13, DT, 5.699828348595906E-16, NNP, 7.633594288745928E-19, NNP, 1.8078943196291197E-23, RB, 3.3665844509216504E-28, VBD, 3.609594899215975E-31, IN, 6.947728069738061E-33, DT, 1.751478085263765E-37, NN, 1.747727004470766E-42, JJ, 7.981840777893224E-46, NN, 5.066195484711445E-50, NN, 1.4311896209492926E-53, IN, 1.6933108663445427E-55, MD, 5.96562833315732E-56, VB, 4.794856029458119E-59, VBN, 3.239702396885789E-63, DT, 2.208546330671633E-64, NN, 3.86622116774951E-68, SYM, 3.7556541429997634E-71, NN, 5.051424645733671E-74, IN, 2.231142508598196E-76, DT, 1.8077437939813717E-78, NN, 1.6186688443662187E-82, VBD, 9.476575546452334E-85, SYM, 2.742407101497365E-86, JJ, 3.885815280009024E-89, NN, 
